Date,Close,High,Low,Open,Volume
2010-01-04,56.7115364074707,56.83950636543787,54.96262851930339,55.453178166004534,2056253
2010-01-05,57.70684814453125,57.87036840515107,56.73997458633305,56.86083447817268,2572865
2010-01-06,57.991207122802734,58.538631519574125,56.64753970407872,57.728162802002196,1972375
2010-01-07,58.46754837036133,58.58129819323565,57.60731463780948,57.84192434455257,2035501
2010-01-08,57.6641960144043,58.72349484401122,57.12388150691343,58.581304761217126,817006
2010-01-11,57.813480377197266,58.29691988153726,57.05278197104074,57.05278197104074,582601
2010-01-12,56.70442199707031,58.42489508292303,56.61200235480337,57.79927104103049,1286849
2010-01-13,56.149898529052734,57.13099226747069,55.68778911909848,56.00770844451952,2337843
2010-01-14,55.89394760131836,56.96746635625004,55.55269815745767,56.44848212998049,2848616
2010-01-15,54.7635612487793,56.29918379475255,54.60004658215247,56.16410937093989,3827205
2010-01-18,55.73043441772461,56.02191902248328,54.045511758657966,54.31566618141545,2766438
2010-01-19,56.29207992553711,56.87504914441411,55.822860526123016,55.822860526123016,1329104
2010-01-20,57.23051452636719,57.514889054164904,56.43426027201571,56.43426027201571,2393896
2010-01-21,56.33474349975586,57.28739699220545,55.92239894576336,56.87505801473208,1498949
2010-01-22,55.481605529785156,56.803954152608625,54.60004721659386,55.538480439556146,2641291
2010-01-25,55.460289001464844,56.021928120188626,54.799114593756286,54.8275548410431,1763318
2010-01-27,52.93644714355469,56.10012294238379,51.912698806192516,55.168794238728104,2795503
2010-01-28,53.02175521850586,54.443627719564546,52.054876341268645,53.3203442613402,7175207
2010-01-29,55.51004409790039,56.725747348765616,51.15910526693251,53.178167291136276,7067142
2010-02-01,57.50067138671875,57.74239113978844,54.863089861159274,55.31097906448365,2873347
2010-02-02,57.4224739074707,58.58130240246224,56.946144398764496,57.44380409198668,3786780
2010-02-03,57.109642028808594,58.225815397956936,56.90347261279916,58.225815397956936,1718559
2010-02-04,55.97215270996094,57.01723122335006,55.66644799186614,56.7328566866984,1466748
2010-02-05,54.20191955566406,55.232783612285424,53.76114038049466,54.74934407060144,1186340
2010-02-08,55.2612190246582,55.65934341519555,53.87489093069977,54.173485617732425,1644000
2010-02-09,55.09059143066406,55.45317107302069,54.72801178830744,54.791996759106745,1086459
2010-02-10,54.34410095214844,55.879728912138134,54.07394655659293,55.879728912138134,1516786
2010-02-11,54.72801208496094,55.02660675813679,54.351217895454056,54.88442227065963,947720
2010-02-15,54.32277297973633,55.794416036484506,54.04550851296286,55.45316660406826,724470
2010-02-16,54.84175109863281,55.28253574894472,53.107063888221724,54.31565688794907,1460985
2010-02-17,54.35832977294922,55.5811431734069,53.97441993324223,55.15457854368308,1489654
2010-02-18,53.889102935791016,54.884416550470384,53.633163077881164,54.855976310028076,1297947
2010-02-19,54.04551315307617,54.84887195792705,53.057309495667056,53.604733992491255,1454591
2010-02-22,54.436527252197266,55.16879659872754,53.647388572121066,55.15457647708191,1057368
2010-02-23,53.924659729003906,54.528959208477275,53.61895495841626,54.03129950149474,747423
2010-02-24,54.258785247802734,54.66402520171913,53.37011698738683,53.75402118515296,2239288
2010-02-25,54.258785247802734,55.85128809440537,53.96019619204994,54.31566015030577,1581234
2010-02-26,55.87973403930664,56.4413730618035,54.457855755037556,54.52895078455464,1914893
2010-03-02,57.585975646972656,58.2258196969053,55.73753851972672,55.73753851972672,2826619
2010-03-03,59.11450958251953,59.57661898975791,57.7281813608044,58.27560593356512,3315862
2010-03-04,61.26154708862305,61.49615684293153,58.88701487231385,59.00787478068607,4955961
2010-03-05,61.11222839355469,62.839805588244545,60.85628855292626,61.43925767745337,4213663
2010-03-08,61.23310470581055,62.39193320657812,60.365760845620045,62.39193320657812,3113098
2010-03-09,60.159584045410156,61.14067770875602,60.01028948694134,60.99849321162172,1910030
2010-03-10,59.35622024536133,60.84208352763281,59.16426533486274,60.145358916547366,2940683
2010-03-11,58.31113815307617,60.0600456940498,58.062308348262114,60.0600456940498,2892773
2010-03-12,58.13340759277344,59.34911088728814,58.01254771175283,58.709266754568915,1186155
2010-03-15,56.84661102294922,58.225829029542545,56.59778119239278,58.154739572113684,1551886
2010-03-16,56.91059112548828,57.429575348808186,56.60488640923963,57.21629584173694,1689972
2010-03-17,56.58355712890625,57.55043046778958,56.164102633343674,57.145196091928206,1324807
2010-03-18,57.536216735839844,57.85614158204761,56.213873716723405,56.59066789501461,2966150
2010-03-19,57.97700500488281,58.538644064600014,57.23052108677861,58.22582925990522,4334389
2010-03-22,56.72575759887695,57.98412144055301,56.3347432324104,57.30161684405177,2584354
2010-03-23,56.939022064208984,57.2802770603139,55.95081852879334,57.01722714739184,2194997
2010-03-25,58.01254653930664,58.97941999141251,56.24941878541893,56.83949805694257,3593386
2010-03-26,58.77324295043945,59.434417166923716,58.36800857943747,58.36800857943747,1907295
2010-03-29,58.44623565673828,59.8467841211908,58.04100113322519,59.24959464132323,1989482
2010-03-30,58.72348403930664,59.690357464243824,58.510198954358444,59.00785857605287,1392354
2010-03-31,58.325355529785156,59.988947845280855,58.05519555674771,59.988947845280855,1348649
2010-04-01,58.73059844970703,59.1500474371507,58.01254920591628,58.01254920591628,1202800
2010-04-05,59.66193389892578,59.853888838136946,58.72349496480772,59.29224414411592,1598347
2010-04-06,59.9391975402832,60.41552706210364,59.15005318621021,59.15005318621021,1590204
2010-04-07,61.126468658447266,61.69521785115775,60.00318482045468,60.00318482045468,5144065
2010-04-08,60.35153579711914,61.12645994707417,59.725911774297764,60.86340999760936,1344726
2010-04-09,59.87520980834961,60.64302394201424,57.33716326460243,57.33716326460243,1864962
2010-04-12,59.20692825317383,60.14536151088092,58.652393679986695,60.14536151088092,1530584
2010-04-13,58.90833282470703,59.647706669729146,58.64528287528863,59.15004701472931,1233412
2010-04-15,57.593101501464844,59.32068481362531,57.351381704408375,59.07896501656884,2699765
2010-04-16,56.63332748413086,57.72817085386388,56.590667120874635,57.571766251478614,3363053
2010-04-19,55.18301773071289,56.09301630840139,54.82043808122073,56.02192127538988,3401042
2010-04-20,57.15943145751953,57.84904052875366,55.45317835728278,55.581148315691365,7741467
2010-04-21,56.327632904052734,57.799276288380696,56.02192812827078,57.42958653271325,3821160
2010-04-22,56.78973388671875,57.180748193335894,55.16879617410548,55.16879617410548,10539505
2010-04-23,58.069427490234375,58.90833666688365,57.052789084085596,57.4438034267183,5943398
2010-04-26,58.28981018066406,58.72348484044225,57.514891648653006,58.581294781870284,6100710
2010-04-27,59.56238555908203,59.86098020692172,58.304027578524206,59.07895165085773,9298283
2010-04-28,58.026771545410156,59.555289731496856,56.7968480505628,58.296925991522585,10291806
2010-04-29,57.44380187988281,58.96520999394509,57.01723724162165,58.154741084811896,7485461
2010-04-30,61.090911865234375,61.53880668641481,57.75661101498204,58.01255091279944,9618659
2010-05-03,60.906070709228516,61.42506059766309,58.247164171302536,61.42506059766309,3219251
2010-05-04,60.856292724609375,62.48434034910924,60.443948273395996,60.99848277393168,4958794
2010-05-05,61.90848922729492,62.278178941986965,59.09317830697046,60.116926718630545,3344105
2010-05-06,62.42747116088867,62.9820057122006,60.44395380797897,61.42505296979868,2452288
2010-05-07,60.337318420410156,62.064901593378586,59.52684950529653,62.064901593378586,2491824
2010-05-10,61.3681755065918,62.06490015456581,60.70700674073211,61.42505599554509,2586097
2010-05-11,59.775672912597656,61.78051480081877,59.37754855916103,61.42505081049603,2308799
2010-05-12,60.50083541870117,60.81365024459009,58.46755299172032,60.07427633746584,3599339
2010-05-13,62.15019607543945,62.84691499376839,60.664338617581755,60.7425381196686,7454355
2010-05-14,60.35153579711914,62.56255284813466,60.060051180330746,61.92270870339229,3488632
2010-05-17,60.50083541870117,60.785209998364344,59.04341221260311,59.90365158966794,2828557
2010-05-18,61.52458190917969,61.75919160558944,60.35864348781218,60.35864348781218,2060936
2010-05-19,60.131134033203125,61.60277136445158,59.89652437510304,60.57191311132218,3932957
2010-05-20,60.51505661010742,61.14068069641077,59.81122742182155,60.31599718908857,1633632
2010-05-21,58.77324295043945,59.86097614070424,58.29691355830157,59.285117064886556,2860187
2010-05-24,57.99832534790039,59.66192337456714,57.770825716308025,59.150043626966244,2058577
2010-05-25,56.61200714111328,57.827710598313445,55.75177331371702,57.443806297915145,3545584
2010-05-26,55.60957717895508,58.25426892931581,55.17590806982538,58.25426892931581,3735996
2010-05-27,56.235206604003906,57.116764941479396,54.91996800573585,55.58114233536089,4621321
2010-05-28,56.690208435058594,58.040991822248465,55.76598969027571,57.15942786875067,6010277
2010-05-31,58.19029235839844,58.53865193880718,56.46271458041696,56.860839018524196,2732413
2010-06-01,57.55044174194336,59.41309933913445,57.03856752108171,58.29692567776476,2817551
2010-06-02,57.63574981689453,58.22582348587678,56.47691593048513,57.87035950302068,2813002
2010-06-03,59.21403121948242,59.405986133339226,58.01254803982685,58.70926708658303,2335772
2010-06-04,59.72590637207031,60.27332525133041,58.517307648471885,59.292231728334784,3233038
2010-06-07,60.32310104370117,60.78521043604609,57.62864979079672,59.13583786212343,3389100
2010-06-08,60.50083541870117,61.823184184783514,59.78990175780267,60.2875558780835,3745583
2010-06-09,60.88473892211914,61.47481820446062,60.42973964219847,60.71411419214889,2448556
2010-06-10,61.14778137207031,61.524581124262326,60.47239253418265,61.13356125088915,1458194
2010-06-11,61.460601806640625,61.97958608880942,60.85630236605845,61.42505707693758,2142738
2010-06-14,62.49405288696289,62.72694037669573,61.16950100766757,62.006442564614865,1946641
2010-06-15,62.61776351928711,62.908872827710056,61.75898677800042,62.58864973415215,1298256
2010-06-16,62.00642776489258,62.87976135152945,61.72987536398908,62.58864635026049,1007073
2010-06-17,61.16221618652344,62.00643610312475,60.841998775802786,61.933657343020684,1289368
2010-06-18,60.652774810791016,61.70076837994369,60.40533045759467,61.16221470198271,1309287
2010-06-21,61.63526153564453,61.78809748281307,60.936599230259866,60.98754264312104,1176357
2010-06-22,61.10397720336914,61.78808822297312,61.00936883774613,61.56975200382249,1094612
2010-06-23,61.51881408691406,61.69347965266662,60.42715572810676,60.987538944176954,1665580
2010-06-24,62.54497146606445,62.86519449153316,61.43147788453624,61.51880780420146,6159549
2010-06-25,63.01075744628906,63.49108921546946,61.919099005175994,62.22475948684977,1688368
2010-06-28,64.67736053466797,64.91752641475878,63.09809190793307,63.31642245034835,2795462
2010-06-29,65.21591186523438,66.56957716475249,64.04419628945848,64.48086306755317,5334009
2010-06-30,65.31781005859375,66.05285892000346,63.36009068736286,63.76764942683169,4165141
2010-07-01,65.79813385009766,66.22751645903496,64.9393572150538,65.18680152374728,2743820
2010-07-02,65.68169403076172,66.78063088560947,65.2086350129258,66.43857818384629,2720178
2010-07-05,66.43859100341797,66.78064377118149,64.78654332517802,65.20864759517535,2315117
2010-07-06,66.7442398071289,67.45745894520647,65.9072985158269,66.37307334745559,2823098
2010-07-07,67.04263305664062,67.65396542791156,66.37307882660983,66.41674379353346,2306553
2010-07-08,67.47928619384766,68.03239664120119,67.24639878624288,67.53750804574885,2061065
2010-07-09,67.9887466430664,68.22891254859,67.56663669673445,67.64669390143753,4717830
2010-07-12,68.89845275878906,69.72083714330441,67.91595399760769,68.26528511446813,3784847
2010-07-13,69.02217864990234,69.32056637529668,68.43995438166637,68.89845649240335,2439149
2010-07-14,68.71651458740234,72.63194165692674,68.1925178676382,72.63194165692674,1144296
2010-07-15,68.97850036621094,69.13861473388845,68.04695077354525,68.41083876032631,827811
2010-07-16,69.71356201171875,70.31761590405401,68.86934225155345,69.1313434559443,2758409
2010-07-19,72.26805114746094,74.93898948407218,71.03083528540324,71.14000055138116,16799593
2010-07-20,70.8125,73.06860104071372,70.61599910927946,72.84299207835922,4451106
2010-07-21,70.47773742675781,71.72951040414426,70.22302033004091,70.95806924997504,2357881
2010-07-22,70.69607543945312,71.39473785086491,69.88096358422014,70.59418288968281,3490010
2010-07-23,70.0628890991211,71.32194022113983,69.86639391576007,71.17638273630966,1681043
2010-07-26,68.28712463378906,70.59416926060092,67.98873690628284,70.59416926060092,2048131
2010-07-27,68.19978332519531,68.95667310376021,67.59573518336448,68.41084110488202,2914117
2010-07-28,69.67717742919922,70.30306096690538,68.4108477537569,68.55639954245338,3481451
2010-07-29,70.7178955078125,70.95806139282767,69.29873553584467,69.57528794248013,3968345
2010-07-30,69.7281265258789,71.44567430747905,69.43701721616577,70.57234637833966,4075382
2010-08-02,70.68151092529297,71.11817773964164,70.04834318819961,70.59417527898913,2607286
2010-08-03,71.64945220947266,72.26805733920969,71.03084137115039,71.3073937825611,2361310
2010-08-04,70.16478729248047,71.96239226616636,69.91734866187531,71.91872729706961,2843480
2010-08-05,69.85912322998047,71.16183945870844,69.64806542439277,70.50684212139028,1900021
2010-08-06,69.31330108642578,70.36129469272278,69.0076348574427,69.43702326740907,788090
2010-08-09,70.8125,71.01627362719077,69.13861747780898,69.3569479951089,1335864
2010-08-10,70.45588684082031,71.81682469898988,70.17932877722654,71.0162699955221,2435180
2010-08-11,70.36128997802734,70.88528674606441,70.0629022159886,70.44862562699292,731045
2010-08-12,71.71495056152344,72.03516793262072,69.57528724730385,70.44862084331574,1888912
2010-08-13,73.24327850341797,73.86916208543357,71.97694873832582,71.97694873832582,4747295
2010-08-16,73.43978118896484,74.37860943881694,71.79500643153511,73.57805454504701,2165069
2010-08-17,75.37566375732422,75.89966055099784,73.4397852868836,73.4397852868836,5642335
2010-08-18,76.70748901367188,76.92581956987841,75.19371488717316,76.27082219267342,4558534
2010-08-19,78.11209869384766,78.51237902518916,76.18349863250799,76.87488259077556,4794465
2010-08-20,76.91126251220703,78.50509383656934,76.49643103115315,78.11937043227407,3269669
2010-08-23,77.11503601074219,77.580810872089,76.59831773750868,77.0932006733972,1510957
2010-08-24,74.32038879394531,77.43526706311604,73.94922227233575,77.14415774477096,2876817
2010-08-25,74.34223175048828,75.31016819243885,72.9594580652339,74.08750893011839,4672161
2010-08-26,74.42227172851562,75.54304397256249,73.87643964450045,74.81527356912746,3576345
2010-08-27,73.08317565917969,75.38294221950886,72.63195191642946,75.23739040886274,1859395
2010-08-30,73.24327850341797,74.50960826851012,72.95944764306887,73.50527973363886,3208764
2010-08-31,74.80799865722656,75.68132660775947,72.06428692381036,73.06861549406956,5369438
2010-09-01,75.74681854248047,76.12526346682706,74.23304455367894,74.96809906530353,4372013
2010-09-02,76.28538513183594,81.94747452655433,75.91421858999747,81.94747452655433,3468347
2010-09-03,77.9301528930664,78.13393227763503,76.61288532021774,76.6711014774251,3535606
2010-09-06,78.55602264404297,78.87624568035098,77.72635983621947,78.16302086649439,1959395
2010-09-07,78.41048431396484,79.02181675597384,77.51532099123227,78.59970680397579,4313683
2010-09-08,79.34931182861328,79.68408610069775,77.62448563644975,77.72637246559108,2320797
2010-09-09,82.2313003540039,82.84991121900383,79.61858924521387,80.05525607395414,4527957
2010-09-13,84.16718292236328,85.87745226543404,82.40596445484859,82.67524413542506,7925751
2010-09-14,84.86582946777344,85.28793931733341,84.13077502639437,84.71299924865303,4528508
2010-09-15,84.8076171875,85.86289478478709,84.1890120876265,85.00411809876063,2614046
2010-09-16,83.3011245727539,86.72166883795941,83.01729371881198,84.42190251354481,4925036
2010-09-17,83.54856872558594,85.14967272652687,82.84990640704846,83.4030169301832,2785129
2010-09-20,83.73780059814453,84.85857295376798,83.26474721995439,84.40735491620289,1207427
2010-09-21,81.72185516357422,84.62567539983849,80.78302696598718,83.83967744265057,4045988
2010-09-22,83.54129028320312,83.83240529119169,81.94746472824998,81.94746472824998,2834484
2010-09-23,81.78008270263672,84.24724201848363,80.78303257633128,83.98524077836343,2712514
2010-09-24,83.47578430175781,84.11623042548663,81.14691006487027,81.80918010811969,3241119
2010-09-27,84.49468231201172,84.713018585917,83.69413310011586,83.91246366543554,1688379
2010-09-28,84.13079833984375,84.85857453790258,83.72324526733485,84.71302272344235,1866237
2010-09-29,83.41028594970703,85.06961162299898,83.05367638468228,84.49466582666747,2519146
2010-09-30,84.86582946777344,85.22243902097202,82.02023148717878,82.83533740632286,2445734
2010-10-01,85.3680191040039,85.86290782593606,84.82946540913241,85.14968282213547,2147221
2010-10-04,85.23699951171875,87.31843506747111,84.71300282727607,85.87743990381534,3343884
2010-10-05,90.74626922607422,91.51043187058463,85.23701060561403,85.23701060561403,6779856
2010-10-06,92.4201431274414,95.0910757573183,90.70258981843841,90.97186946938294,6504435
2010-10-07,90.9864273071289,93.44630216745541,90.28048087604056,93.44630216745541,3098535
2010-10-08,90.07671356201172,92.13631401783037,88.65755357166562,91.26298611036782,2526029
2010-10-11,90.78266143798828,91.55410257709286,90.26594309921214,90.92821895491473,1040888
2010-10-12,89.9893798828125,91.40854561274583,88.81038575483633,90.40421136149246,1808843
2010-10-13,92.98780822753906,93.93391484638052,90.35326201954886,90.35326201954886,2740797
2010-10-14,94.76358032226562,95.48407797468448,92.98781075226938,93.15519788484865,4819669
2010-10-15,93.9703140258789,95.04742133192227,93.526368758305,94.76358475840819,3147139
2010-10-18,94.17407989501953,94.88729907578089,91.554090601726,93.73741881852722,7110302
2010-10-19,92.3182601928711,95.41130873449188,91.73604157435308,94.3196445433316,8334709
2010-10-20,95.38218688964844,97.23074083726796,90.82631374039114,91.69964730295837,12596370
2010-10-21,102.42705535888672,103.63516325015848,96.22641292129359,96.22641292129359,26127856
2010-10-22,106.54625701904297,107.56513662509086,101.05155019859212,102.6890462891538,14358069
2010-10-25,105.56376647949219,108.42392760941902,104.9451613303121,106.98293222915503,6720169
2010-10-26,106.83009338378906,107.41958469994958,105.53464420134112,105.96403254402551,4008765
2010-10-27,108.14009094238281,108.722309536941,105.09071320407988,106.82281209574415,7228011
2010-10-28,104.22464752197266,108.6859179901169,103.37315500752177,108.43847367172465,7559197
2010-10-29,105.0179214477539,105.96402802532506,103.3877094962524,103.78071130171361,4272831
2010-11-01,108.00908660888672,108.58402102903933,105.6729281565804,105.6729281565804,5514824
2010-11-02,107.85626220703125,111.17492573817216,107.22310011957738,107.70343194750302,6253688
2010-11-03,108.55493927001953,110.08326474532652,108.09643706055864,108.19105116473958,6602702
2010-11-04,110.75281524658203,111.79353615860761,108.85332889541142,109.00615916208511,5554319
2010-11-08,117.94320678710938,119.06398463176859,110.24335361781834,111.64067813804074,10537361
2010-11-09,121.73493194580078,122.87753955638983,115.8617794907802,118.33622289935114,10811944
2010-11-10,119.6243896484375,122.26622048494626,118.61278254428036,121.97510543436391,14075960
2010-11-11,117.040771484375,121.85863429234828,116.29843854779064,120.6359696223469,6739472
2010-11-12,114.56632232666016,119.5006400024563,114.02777447489493,117.01165153783414,6497366
2010-11-15,117.5938720703125,118.04509000572551,112.48489445905557,113.53288781725742,7951114
2010-11-16,112.92156219482422,118.59092904723872,111.83718225481914,117.75399342528338,7453425
2010-11-18,113.56929016113281,116.1528931077054,107.44870485629828,113.80217760652033,9371253
2010-11-19,110.27244567871094,114.085985388362,109.4573397847438,113.66388126042426,3711748
2010-11-22,113.37277221679688,115.52698647178714,108.87512696728659,108.87512696728659,6121699
2010-11-23,112.78329467773438,113.78761747594878,108.88969710736562,112.82695393677051,4464240
2010-11-24,104.31199645996094,113.53290296233052,98.56984472520234,112.93612745993296,11221401
2010-11-25,99.41405487060547,107.71069494279065,98.11134442561462,105.52736680529412,18392512
2010-11-26,100.9496841430664,102.28150863372527,91.13199544299316,101.44457286559856,12491004
2010-11-29,103.24217224121094,105.38183012841607,99.73430333794512,101.16074192941521,10804989
2010-11-30,107.92903137207031,110.47624767170346,103.53327249203832,104.36293540288591,32071090
2010-12-01,108.3074722290039,110.60723269908985,106.56080512243304,108.24924466410573,8612074
2010-12-02,107.9217529296875,109.94497831844282,107.25220437573049,109.4573623783475,5068699
2010-12-03,106.13142395019531,108.20559270630154,105.09071462055353,108.20559270630154,4288047
2010-12-06,100.87687683105469,106.9829158552334,100.14182806921754,106.50258413532767,5349827
2010-12-07,101.69927215576172,102.7618224668788,98.10406251723407,100.43294820064126,8986986
2010-12-08,97.15796661376953,101.01517788611103,95.92075630508765,100.86962037415702,9876772
2010-12-09,95.0546875,98.6135047929102,93.35169111323427,97.52184073516727,6639159
2010-12-10,96.08086395263672,97.21619890033591,87.62411937946685,95.3530877747409,9474908
2010-12-13,96.57575225830078,99.10841197660021,94.14498508631391,96.79408282731133,6403068
2010-12-14,97.89301300048828,98.64263017194573,96.21185746089972,97.59462524631066,2903964
2010-12-15,93.82476043701172,98.24963357062035,92.71854500790236,98.24963357062035,3408999
2010-12-16,96.40106964111328,96.64851396820255,92.9732527086555,93.88297282042929,4603647
2010-12-20,94.59619903564453,96.91780653152415,94.02853729727997,96.06630250680638,3035213
2010-12-21,95.32398223876953,96.93964334170364,93.44631987805684,96.93964334170364,3291563
2010-12-22,95.68785858154297,96.56847064056204,94.79269533889071,95.33852741981309,2203361
2010-12-23,95.57141876220703,96.32830297685123,95.04742199822257,95.77519813582703,1568536
2010-12-24,95.04740905761719,95.65873567807486,94.34874109217542,94.90185156647964,1938951
2010-12-27,94.71991729736328,96.34285666009403,94.0721983832208,95.62963743906239,1908806
2010-12-28,94.08675384521484,95.67330095300736,93.80292299206687,94.89458143692487,740026
2010-12-29,95.11293029785156,95.44770460915342,94.21776694345479,94.46520559912935,1410731
2010-12-30,94.24686431884766,95.33852849298061,93.1552001447147,94.31964307217356,2980044
2010-12-31,96.1026840209961,96.91051732481783,94.46519349226811,94.6544159647212,2166698
2011-01-03,96.40835571289062,97.7692938303615,96.09541107484333,96.53207217031057,1372999
2011-01-04,94.50157928466797,96.96873828739457,94.32691371628408,94.90185383197463,2441714
2011-01-05,90.25137329101562,94.46518802057585,89.8438202939615,94.46518802057585,5617275
2011-01-06,90.70986938476562,91.40853737159338,88.88315649572361,90.64436908260724,5844735
2011-01-07,88.31548309326172,92.42741641475271,87.8424298277069,92.42741641475271,5740094
2011-01-10,85.68094635009766,89.03598430876728,84.42189516919726,88.20632144875414,3181467
2011-01-11,85.229736328125,87.14378511043806,83.43940972092167,84.5674604815333,5043438
2011-01-12,85.79012298583984,86.74350812753866,82.8207965732526,85.98661820443533,4044610
2011-01-13,83.27201080322266,87.03460752510117,82.55879163980573,85.81194284005228,3409344
2011-01-14,79.6113052368164,83.25745844517203,78.90536448053913,83.25745844517203,4912883
2011-01-17,76.88215637207031,79.90969898625077,76.20532364021318,79.90969898625077,5264509
2011-01-18,78.05387115478516,79.18192188864117,76.70748986230714,77.15870787241538,6472599
2011-01-19,84.49468231201172,85.12785008517574,78.2358175898537,78.89081499439831,11869684
2011-01-20,86.8381118774414,87.18744303472234,82.07118642344828,84.20356559721633,8081659
2011-01-21,88.35914611816406,89.87291415351537,85.87743059145171,85.87743059145171,7690652
2011-01-24,88.55567169189453,90.5061128161713,87.40579123582879,88.00256680489552,5411724
2011-01-25,87.44216918945312,89.95299340157852,86.67800653980308,88.06078003890501,5010857
2011-01-27,85.68094635009766,88.55565257838234,85.0259490548986,87.77693312786688,2990506
2011-01-28,81.90380096435547,86.3577818735727,79.95336006680613,86.02300760148435,4842380
2011-01-31,87.75511169433594,88.85404859533239,78.70886516358033,81.36524681962001,11510085
2011-02-01,86.42328643798828,89.19611196861241,85.38984407756615,88.06078277402848,6578932
2011-02-02,82.87902069091797,87.33300757669222,81.97658464950081,85.18607133785379,7538579
2011-02-03,83.5267333984375,84.0434516560361,81.27790493759217,82.96634446747034,8341608
2011-02-04,81.72185516357422,85.1933428111462,81.2196880577476,83.84695588865793,5334549
2011-02-07,82.704345703125,83.79600981504079,80.81941092178185,82.74073793200647,3572264
2011-02-08,80.09164428710938,83.18468726017825,79.79325651803661,82.9881920353982,3105192
2011-02-09,77.34793090820312,80.46280915703231,75.71771302753115,80.24447859684567,4660764
2011-02-10,77.65359497070312,78.96358971277611,76.19076998244194,77.14415510815711,5166195
2011-02-11,78.86170196533203,79.76414366516157,75.55760136342268,77.58081531469438,8108375
2011-02-14,81.86013793945312,82.31135594372711,79.0363690638156,79.0363690638156,4289281
2011-02-15,84.62566375732422,85.28066101343764,81.04501132942626,82.1657833972498,6549081
2011-02-16,85.87016296386719,86.6634393040315,84.66933363976949,85.39710967965713,6529310
2011-02-17,86.95455169677734,88.49016102275993,84.58928519090001,85.86289330637965,6039974
2011-02-18,84.89496612548828,87.98800923506273,84.17446837993536,87.82062208084643,5353230
2011-02-21,87.37666320800781,88.02438209200892,84.13806307941731,85.14967000316464,4327372
2011-02-22,85.57907104492188,87.3330112000605,85.22246139808725,87.04190186678588,3644365
2011-02-23,84.13079833984375,86.70712311250739,83.4175790358067,85.60090762998323,3773697
2011-02-24,83.11190795898438,86.00117133471103,81.60541233367711,83.13373758865916,8358798
2011-02-25,85.68094635009766,86.51788765555115,83.37389607172798,83.54856163654209,4321471
2011-02-28,89.3926010131836,90.68076607858066,86.19039302762066,86.60522449071138,6870083
2011-03-01,90.31687927246094,91.6996527379953,89.51632441075625,90.20043555169501,4242162
2011-03-03,90.04759979248047,91.93254037570603,89.38532398849152,90.31687946519207,5439540
2011-03-04,89.00688171386719,91.24842612123845,88.71577242125956,90.52065003542687,4222726
2011-03-07,87.20928192138672,88.62844194630667,86.02300934413043,88.05350177346016,2293604
2011-03-08,90.93549346923828,91.11743179465019,87.7405580589929,88.20633295927868,4708165
2011-03-09,90.41876983642578,92.61664943812195,90.09855244538302,91.53954212224629,4141058
2011-03-10,88.62842559814453,90.82630476149446,87.91520649408672,90.56430928549248,2584611
2011-03-11,88.7667236328125,89.89477438149541,87.50767226380039,88.0607828226429,3239021
2011-03-14,90.43331909179688,90.92092929218742,87.56588545590968,88.0971606225574,2147462
2011-03-15,89.0942153930664,89.8656564780559,87.62411197644536,88.9486635949358,3005357
2011-03-16,92.98780822753906,93.51908339491027,89.37804732602464,89.37804732602464,8035877
2011-03-17,91.72147369384766,93.15519043806009,90.82631053439398,92.5220284798454,5595813
2011-03-18,88.52656555175781,92.25277086225508,87.78423244337503,91.55410843689671,9210935
2011-03-21,88.43922424316406,88.79583388022716,87.80606217421439,88.79583388022716,2828922
2011-03-22,88.67938995361328,88.78855523678489,87.580452966622,88.35189410409845,6411426
2011-03-23,88.24271392822266,89.29070732010327,87.85699057029008,88.10443488163027,5086527
2011-03-24,88.7667236328125,88.86133202050276,88.29367027719017,88.49744394562627,3715429
2011-03-25,89.28343963623047,89.51632708471897,88.42466859707545,89.0796659730957,5707806
2011-03-28,90.02576446533203,90.66620489038074,88.78854287212049,89.39987522305033,10223524
2011-03-29,89.80744171142578,90.28049508274333,89.26161528958686,90.28049508274333,6039100
2011-03-30,90.44058990478516,91.19019554803991,89.60364862780192,90.38964649702041,8608609
2011-03-31,91.1538314819336,92.0489948323539,90.3751118661085,91.11743924700643,11082775
2011-04-01,91.60502624511719,91.99074958579916,90.42603230483317,91.42308224247964,5125862
2011-04-04,93.36625671386719,93.72286632096656,91.63415209244384,92.09264852769012,6225985
2011-04-05,93.09698486328125,94.39242849656354,92.23821378081571,94.39242849656354,5285960
2011-04-06,93.1770248413086,93.87568709283681,92.22363983652481,93.87568709283681,5880040
2011-04-07,93.16246795654297,93.68646464522261,92.28186169671658,92.28186169671658,3200811
2011-04-08,92.07809448242188,93.65009046413458,90.97187910503595,93.30075929232851,3312202
2011-04-11,93.41719818115234,93.58458531207259,91.16837531118001,92.16542535934413,5769014
2011-04-13,93.36625671386719,93.59186570844328,92.71853780593011,92.86408960205638,4627320
2011-04-15,94.88003540039062,95.25120194005802,93.02421411922518,93.55548936462554,7287426
2011-04-18,95.92074584960938,97.15795602343384,94.96007665088078,95.3385215738419,10723259
2011-04-19,95.72425842285156,96.10269771309014,94.3123766872604,95.77520755270508,3455532
2011-04-20,96.21186065673828,96.83046581586872,95.78247227259341,96.31374749074367,2901188
2011-04-21,95.83341217041016,96.67035927701329,95.48408100214648,96.48841524663614,2784400
2011-04-25,96.2627944946289,96.63396668690862,95.71696243776921,95.92802023987572,2281282
2011-04-26,94.96736145019531,96.46657293384693,94.61075184036441,96.3501292126199,1624579
2011-04-27,95.55685424804688,95.93529347089303,94.95280033035625,95.33852370761315,1581568
2011-04-28,93.1843032836914,95.77518436256935,92.57297095933144,95.77518436256935,4042354
2011-04-29,91.96892547607422,94.29052712292206,90.9063751110971,93.73742231094651,4078281
2011-05-02,87.21656036376953,92.98053611035616,85.96478747834108,92.98053611035616,6536363
2011-05-03,82.95907592773438,88.49744276291408,81.22697122624841,87.84244537860712,13401589
2011-05-04,83.49034881591797,84.98956602423797,80.85580245916242,82.96635206477508,8766635
2011-05-05,81.31430053710938,84.85856115740286,80.66658164971682,83.70140243684914,10873446
2011-05-06,84.39279174804688,85.25156849525042,79.8805888735247,81.07413990057486,8497917
2011-05-09,84.67662048339844,85.44078882622124,83.4030179958642,85.39711814931579,4128936
2011-05-10,83.73050689697266,84.98955809667189,83.33023235187027,84.98955809667189,2979479
2011-05-11,84.94590759277344,85.39712562494748,83.47579834764231,85.0041294584922,3116496
2011-05-12,84.46556854248047,86.16855939611055,83.86879304280566,83.87607148897062,5519460
2011-05-13,82.81352233886719,86.05939540467712,82.39869086137217,84.58201352577981,4706119
2011-05-16,80.73208618164062,82.95180122547863,80.4409768542073,82.95180122547863,2851201
2011-05-17,78.99271392822266,81.3652593863604,67.6830858336396,77.28971711351036,4100170
2011-05-18,76.1834945678711,79.32748093224373,75.39749654963154,78.59970477800023,7923654
2011-05-19,75.55033111572266,76.83849635234665,74.96083399552991,76.43094328110352,6232925
2011-05-20,76.13253784179688,77.3333672347066,75.33926716475983,75.72498483450917,14476991
2011-05-23,73.18505859375,76.4236589923456,72.77750555365994,76.4236589923456,7534780
2011-05-24,75.441162109375,75.67404956717714,71.9405660871277,73.35972617382913,7462894
2011-05-25,77.15142822265625,77.79915285915844,74.9681055447332,75.10638460761596,6313144
2011-05-26,77.85736846923828,78.85441848887368,77.18053581039614,77.34064449079277,11227565
2011-05-27,78.03204345703125,78.74526272202161,77.60993351360986,78.57786986710707,2220901
2011-05-30,78.06114959716797,79.89514684040513,76.78026861406009,78.58514636298483,2074184
2011-05-31,79.20375061035156,79.76413956153493,78.388644598253,78.58513980116115,3199228
2011-06-01,79.64041137695312,80.63746133349571,79.34202366365926,79.76413352943482,1548206
2011-06-02,77.55897521972656,79.02179999360702,76.88214260903246,79.02179999360702,3037778
2011-06-03,76.84576416015625,78.40319746820747,76.56192760125317,77.28970369629221,1988578
2011-06-06,77.00586700439453,77.55897747969605,75.16459727711693,76.13981191859224,2251230
2011-06-07,77.79915618896484,78.0174867535261,76.59104822007663,76.8457710177885,1315050
2011-06-08,77.49348449707031,78.89080914525229,76.73659460405322,76.73659460405322,1987185
2011-06-09,76.91126251220703,77.84281801443328,76.51826637016111,77.43526497971538,2170240
2011-06-10,76.3144760131836,79.3274669333008,76.02336674457544,79.3274669333008,1614760
2011-06-13,75.44843292236328,76.25626049630776,74.92443619532484,75.97970809529484,2332194
2011-06-14,75.62310028076172,77.27514769706112,75.33926942716474,75.84870927442637,3345344
2011-06-15,74.73522186279297,75.97243791900661,74.43683409162121,75.80505077100013,2541364
2011-06-16,74.29127502441406,75.74682732505019,73.82550011495786,74.2257747141986,4364189
2011-06-17,74.29853820800781,75.0263142088209,73.57804065223299,73.94192865263953,2969640
2011-06-20,73.78182220458984,74.95353771926993,73.21415485180768,74.95353771926993,2532100
2011-06-21,73.8909912109375,75.37565140398416,73.69449030479484,74.08749211708016,1775095
2011-06-22,74.93171691894531,75.38293490935355,74.29854919284867,74.29854919284867,1934967
2011-06-23,74.21849060058594,75.25192709539795,74.10204689106952,75.10637531279474,2229017
2011-06-24,74.82254028320312,75.65220886595277,74.05109926496937,74.23304327832727,5445133
2011-06-27,76.1834945678711,76.54738264499284,74.24033200769756,74.66972039538805,3138467
2011-06-28,76.65653991699219,77.27514501659607,76.43820366838057,77.1223147802944,3252027
2011-06-29,76.0379409790039,77.4716580217876,75.73227475009837,77.00588308577379,1685634
2011-06-30,76.41637420654297,76.98403589528697,76.12526491634286,76.38726042323049,3946847
2011-07-01,76.82392883300781,77.21692495591985,76.41637581813252,76.87487224629409,2396143
2011-07-04,78.59241485595703,79.03636007197142,76.62742295156421,77.3624774450533,4601062
2011-07-05,78.59241485595703,79.32746934944612,77.87191725348787,79.28380438497109,2976163
2011-07-06,78.33240509033203,79.00845354777394,78.00552848775177,78.8078720321499,3008158
2011-07-07,78.7187271118164,78.95645769007092,77.75294518083211,78.33241200850223,5248172
2011-07-08,78.57756805419922,79.88509198965738,78.18382899095784,78.92673992060674,2316464
2011-07-11,76.28197479248047,79.46162968141684,76.088817261245,79.46162968141684,2557048
2011-07-12,75.76936340332031,77.09917667557899,74.81844120642516,76.22254090484094,5167707
2011-07-13,75.82879638671875,77.1140308163886,75.17503737336949,77.1140308163886,3782960
2011-07-14,77.48548126220703,78.65928014915168,75.47962550282823,76.44540725801431,4184819
2011-07-15,77.24032592773438,78.19868376472826,76.72029180556989,77.63407079388931,1539132
2011-07-18,77.64892578125,78.0575244119716,76.7574304431118,77.4111952450265,1005541
2011-07-19,79.00846099853516,79.17190514253926,77.27748448684648,77.76780526425641,2518046
2011-07-20,78.14668273925781,79.46163653025475,77.87180894875853,79.16447331324159,1527001
2011-07-21,76.46027374267578,78.2878317650115,76.00709622759064,77.923806122204,1745480
2011-07-22,77.544921875,77.82723128481369,76.81687057988168,77.77522845334819,1908837
2011-07-25,77.9609375,78.3026794933287,77.27003536077193,77.41119004240551,1686564
2011-07-26,76.29682159423828,78.43640204026359,75.77678172615666,77.96093518658053,2637379
2011-07-27,73.71150970458984,77.11403570574498,71.95824387124757,76.08882118571013,11498144
2011-07-28,70.91072082519531,73.41432672322443,70.5764144929124,73.10230398338084,7756354
2011-07-29,68.19168853759766,71.29705116463224,67.7533706460642,71.02960137934389,6327938
2011-08-01,67.29276275634766,69.90780441314239,66.72814983405677,69.23918584082158,3410577
2011-08-02,64.36570739746094,67.45621054991192,63.96453270112449,67.29277224434936,4359712
2011-08-03,63.38505935668945,64.36570074328692,61.973529911517346,64.36570074328692,4916415
2011-08-04,64.3062744140625,65.40578117791937,63.39249538034229,63.89766991138137,7094886
2011-08-05,64.38798522949219,64.78173008204588,59.61107913495942,62.99874518837115,7369798
2011-08-08,64.15769958496094,65.97039830910249,60.658591418027974,62.857605277728226,8810052
2011-08-09,64.4028549194336,66.1932699010301,61.520362903616736,61.8249559368476,5882153
2011-08-10,67.43392944335938,68.25856253602602,64.63315934121061,64.63315934121061,4570604
2011-08-11,68.25111389160156,69.15003317597116,66.17096595134305,66.56470495177275,4788677
2011-08-12,66.83959197998047,69.68493464397987,66.49042595758303,68.80830468387774,5661001
2011-08-16,66.49042510986328,68.17682838921452,66.20068590229505,68.17682838921452,5987607
2011-08-17,64.26168823242188,67.45620249543306,63.74165414374336,63.890232814522896,4959693
2011-08-18,63.058189392089844,66.67616267085505,62.18155348649295,64.41028646927772,3968617
2011-08-19,63.4073486328125,64.85602724652547,61.38663304387352,62.114690168589675,4190829
2011-08-22,62.15925979614258,63.89023607139815,61.26034043610769,63.29590970338338,2599534
2011-08-23,63.57822036743164,64.18740636362878,61.09689753367704,62.30041573704984,4035069
2011-08-24,62.96903610229492,64.76687490766611,62.38956349551118,63.55593269014322,2961744
2011-08-25,61.802669525146484,63.42964028892478,61.082048010804996,63.16219048565123,7876242
2011-08-26,60.0865592956543,61.951261013148816,59.71510374873788,61.654097741076114,3682072
2011-08-29,62.775882720947266,63.13990839113036,60.6140122991184,60.695734369243546,1872200
2011-08-30,63.42220687866211,64.26169362960825,62.12211280682388,63.22161953759778,3565062
2011-09-02,62.6124382019043,64.73715956659439,62.10726364839896,64.6183001075058,4143957
2011-09-05,63.33306121826172,63.593075372365796,60.62143758887127,61.067185295950665,4573765
2011-09-06,63.154754638671875,63.6673588955695,62.4044140305857,63.14732483138788,3291537
2011-09-07,65.19776153564453,65.85152055677838,63.32563051602007,64.45485064343308,3954779
2011-09-08,65.3463363647461,65.70293800073001,64.20225668839413,65.37605559578651,2827447
2011-09-09,65.0046157836914,67.07733451835645,64.44743251356725,65.22748676082043,3282433
2011-09-12,63.65993118286133,64.43998521844946,62.99874241312852,62.99874241312852,2051987
2011-09-13,64.08338928222656,65.0640306370613,63.37019768863768,64.46970430907055,1923123
2011-09-14,63.13990020751953,64.58857289163142,62.939312876283935,64.33598273243851,2570691
2011-09-15,64.97489166259766,65.37606052076305,63.303342127757126,63.303342127757126,2542166
2011-09-16,64.42512512207031,65.89608701346592,64.03881013221911,65.13831664736534,3339273
2011-09-19,63.615360260009766,64.29140866706352,62.99874448784094,62.99874448784094,3249107
2011-09-20,64.58857727050781,64.900600086706,63.44449749598159,63.875385591940926,1847412
2011-09-21,65.09375762939453,65.33148818893966,64.20969201219798,64.74458577117451,4009505
2011-09-22,63.13990020751953,64.47713742782285,62.70158233287893,64.26169048079937,1848374
2011-09-23,64.48456573486328,65.33148223285704,60.710584705196275,60.710584705196275,2696270
2011-09-26,63.16962432861328,65.0863344441142,62.902180335560544,65.0863344441142,2569267
2011-09-27,65.71038055419922,65.97039473973622,63.860532882128524,64.6183034930398,3912061
2011-09-28,67.1441879272461,67.73851433768777,66.04468115427858,66.11897341240899,6359373
2011-09-29,66.80986785888672,67.53792491058114,65.53949312003343,66.85444670492728,2084907
2011-09-30,65.97781372070312,67.73850922069602,65.37605754717521,66.02981654927586,2016743
2011-10-03,64.46969604492188,65.36118542263102,64.09824068071825,65.36118542263102,2411379
2011-10-04,63.035884857177734,65.52463725695695,61.97352728492268,63.45191910991393,3572649
2011-10-05,62.716453552246094,66.62415445293033,61.862107068578524,63.89024687065438,2445677
2011-10-07,62.88730239868164,65.07888567799897,62.56784983460193,64.60342464902429,2436553
2011-10-10,64.26911926269531,64.48456620627938,62.64214869700278,63.013604121968235,1794377
2011-10-11,64.41770935058594,65.22747688612603,63.45935147395204,64.49199578018175,2532769
2011-10-12,66.86930847167969,67.39677238776208,64.26169064101661,64.55885382101376,3334178
2011-10-13,67.03275299072266,68.90488411226261,66.34927469958875,67.75337449756893,4034627
2011-10-14,68.13225555419922,68.29569385143581,66.1412534455875,67.03274884049739,1416890
2011-10-17,67.90194702148438,68.89001232699938,67.1887496219121,68.64485199561825,1910230
2011-10-18,67.35221099853516,67.70137706691621,66.08183017212934,67.30763214336208,1279133
2011-10-19,67.53793334960938,68.39227975660432,67.08475581600561,67.35220561646696,2019154
2011-10-20,68.01339721679688,68.34770365351645,66.96589322593357,68.34770365351645,2218140
2011-10-21,67.02532196044922,69.22433548391984,66.54243102848581,67.75337326262795,3228092
2011-10-24,65.44291687011719,68.9048750684147,65.16803729710102,67.29276415035538,2534218
2011-10-25,65.56178283691406,67.28533506047079,64.6331442830753,65.52463962568058,4891781
2011-10-28,68.79344940185547,70.26441166629535,66.87673940741236,66.87673940741236,3991529
2011-10-31,69.37291717529297,70.39813755135086,66.86188655127289,68.61515243373398,11505479
2011-11-01,70.79930114746094,72.0251029600717,67.90937962753301,68.79344522517982,7139897
2011-11-02,71.57935333251953,72.39655646138745,69.84837705223903,70.57642831199571,4109315
2011-11-03,72.45598602294922,72.80515202193853,70.62099833537539,71.31933616065417,5668254
2011-11-04,73.04289245605469,73.82294661732814,72.62686395852892,73.10232509855837,3181169
2011-11-08,71.63136291503906,73.49607008844576,71.33419970215176,73.17661744935404,3650688
2011-11-09,70.90330505371094,73.38462785047113,70.72500714240667,71.99538194568726,4657700
2011-11-11,69.73694610595703,72.29998551145448,68.94203228324997,70.71758767517701,4823376
2011-11-14,68.20654296875,70.90330090465842,67.78308472576933,70.90330090465842,2660753
2011-11-15,66.23040008544922,68.6448544491058,65.24975872487485,68.05052811763649,2148768
2011-11-16,67.72366333007812,68.3179897649355,65.59893612768616,66.49043160727328,3484710
2011-11-17,64.92286682128906,67.87965008511787,63.94223143162386,67.51562453199013,2966031
2011-11-18,64.94517517089844,65.66579668073271,62.35985234039502,64.93774536226498,2880348
2011-11-21,62.70901870727539,64.3657087039952,62.42670928694501,64.3657087039952,1558692
2011-11-22,64.8931655883789,65.63607644684512,62.85016072759682,63.875380975568355,2132179
2011-11-23,62.27070236206055,67.96139400975103,61.884387265151716,67.96139400975103,2464199
2011-11-24,65.21260833740234,66.26753600283496,61.304902940280286,64.7817203376836,4370528
2011-11-25,65.0343246459961,66.04467951872617,63.77880357931677,64.7817344709884,3710843
2011-11-28,67.59735870361328,67.90195168694534,64.8634458341254,65.89609588163428,4305463
2011-11-29,64.79659271240234,68.27340496724047,64.50685350174871,67.47106726369354,2686425
2011-11-30,64.05367279052734,65.2274657748786,63.1473237272246,65.2274657748786,2757720
2011-12-01,65.24234008789062,67.12190107503686,64.42514269902759,65.82181273076357,2389881
2011-12-02,65.91094970703125,66.11896684367032,64.27654932703945,65.08632262288047,7378841
2011-12-05,66.73558807373047,67.30762504847318,64.96003285490292,65.9332445201075,3419548
2011-12-07,67.18875122070312,68.02081390212017,66.22296948677796,66.86187465594998,4255656
2011-12-08,65.36119842529297,67.6047848426644,64.97488919841801,67.30762165764504,4481718
2011-12-09,64.33599853515625,65.04176635813393,63.59308749088575,64.62573197768519,2814230
2011-12-12,62.434139251708984,65.37606378271178,62.32270377595298,65.23490907219369,2788090
2011-12-13,61.37920379638672,62.56042668758223,60.82202065850384,62.56042668758223,3314341
2011-12-14,61.07461166381836,62.99874543230196,59.729944637325076,61.21576053172352,5615260
2011-12-15,60.725440979003906,61.587217127714666,59.44020656396291,59.44020656396291,4742895
2011-12-16,60.547149658203125,61.936389882199045,59.72995226870014,60.844312875049766,6103393
2011-12-19,57.76123809814453,61.17119394706179,56.68402073296747,59.50707414296614,4295784
2011-12-20,53.742088317871094,57.78351903678998,53.504357784675875,56.92174294030727,4551270
2011-12-21,55.46565246582031,56.89203597243221,54.26213409798988,54.52958391913027,8041563
2011-12-22,54.284420013427734,55.56965454444244,52.7911741481407,55.42107002513283,15690186
2011-12-23,53.8089599609375,56.01540340520534,53.63809183939476,54.70044961287857,4930269
2011-12-26,54.49985885620117,54.774738457132244,53.56379623688078,53.56379623688078,1130694
2011-12-27,52.8060302734375,54.58901544749599,51.86996757321522,54.25470317791575,2620600
2011-12-28,52.56829071044922,53.40035342404555,51.936821151622766,52.74658861465553,2419553
2011-12-29,53.14776611328125,53.994682660400805,50.71102213144941,52.0036805492842,5531638
2011-12-30,54.158119201660156,55.25762588109163,53.34834589425852,53.34834589425852,5068237
2012-01-02,54.41071319580078,54.6558735649412,53.65294266307557,54.380999789362924,985411
2012-01-03,57.10004806518555,58.0955491693783,54.759879820401395,54.759879820401395,3694501
2012-01-04,57.545799255371094,58.22927175235637,56.38685977585973,57.36007151319871,2476320
2012-01-05,56.69887161254883,59.581363343913566,56.34970558696797,57.374920066156804,2743861
2012-01-06,56.25313186645508,57.1966243175803,54.68558794145594,57.1966243175803,2572418
2012-01-09,58.76416015625,59.20990199049309,55.428491243170704,56.22340489548425,4357260
2012-01-10,61.304908752441406,61.66150454588567,59.009319690081504,59.13560893470555,3847526
2012-01-11,60.64372253417969,62.25583347974483,60.168255629009586,61.75808297861221,3101213
2012-01-12,61.349483489990234,61.958669444363615,59.685363913289734,61.163755780617855,3716025
2012-01-13,60.636287689208984,62.18153606391829,60.4728494140935,61.36433886104118,3867142
2012-01-16,61.208335876464844,61.65408359595836,59.68537081443786,60.160837767971316,2652924
2012-01-17,62.59014892578125,63.050750411938736,61.23062223712208,61.23062223712208,2737142
2012-01-18,60.465431213378906,62.998751186791786,60.17569198861782,62.59015250692215,3540670
2012-01-19,62.59014892578125,62.83530928513617,60.94088885623913,61.81008899888797,3008734
2012-01-20,63.91996383666992,65.06404370465643,62.582726416467274,62.81302718640526,4787968
2012-01-23,64.16511535644531,65.09375394415719,63.45934769886414,64.33598345803222,1667122
2012-01-24,70.45013427734375,71.08903367748727,64.3359849042595,65.6732221697046,11140077
2012-01-25,71.19304656982422,72.04738711383146,69.95238513116476,71.02217263372215,8455219
2012-01-27,69.0980453491211,71.92853452225285,68.10254417994489,70.13068973599594,12889639
2012-01-30,67.946533203125,69.05346981246332,67.34477696901244,68.06539848820154,1966576
2012-01-31,69.84837341308594,70.42784013656674,67.3521969629299,67.3521969629299,2516416
2012-02-01,69.84095764160156,70.72501751978956,67.97625036640042,70.72501751978956,2969162
2012-02-02,71.7873764038086,74.05325243127251,68.87517112429077,74.05325243127251,7811594
2012-02-03,71.90623474121094,73.54806495665784,69.98209513362092,71.04445860352202,3447507
2012-02-06,75.94023132324219,76.7722881796621,72.5599894178488,73.10231291874928,4158351
2012-02-07,75.80652618408203,77.85695545643989,74.73673269136812,76.51971796102363,2618164
2012-02-08,77.77523040771484,78.15410985428429,75.43506214185803,76.51970930339579,4284346
2012-02-09,78.14668273925781,78.73358519174724,75.50192719419013,77.70837063622656,2585259
2012-02-10,78.19124603271484,79.6696320147531,76.44540446763516,77.85693383803793,4429310
2012-02-13,78.5552749633789,79.70678443426912,76.46769713496688,79.70678443426912,1810405
2012-02-14,79.73651123046875,80.15996954795638,78.17640286652508,78.74844570786503,1883448
2012-02-15,81.7572250366211,82.16582955396919,80.08568123269137,80.08568123269137,2092052
2012-02-16,81.62348937988281,81.90579876591836,79.37247323586882,81.05888226241213,2603086
2012-02-17,83.30247497558594,84.09738871285857,82.01724050640121,82.01724050640121,2375565
2012-02-21,82.32183074951172,83.6516381968039,81.12574819321772,83.6516381968039,4480078
2012-02-22,77.90150451660156,83.80021196217949,76.44540217304824,82.01722724112042,4181930
2012-02-23,75.62078857421875,78.17639793580325,74.29098106154844,77.85694530878,11560864
2012-02-24,74.7590103149414,76.37112719522545,72.41884215383247,76.37112719522545,5638233
2012-02-27,70.50213623046875,75.02645811413508,69.96724249640141,74.88530341574075,3344485
2012-02-28,76.2225341796875,77.1734562926823,70.57642247918099,72.43369368794895,5411843
2012-02-29,75.91053009033203,78.19126591967112,74.2909890111538,77.01746677703107,3083555
2012-03-01,74.3949966430664,75.53907657880589,73.48121749090343,74.88531744799783,2293866
2012-03-02,74.94473266601562,77.09917294832839,73.75607415006026,74.9001596470161,2509143
2012-03-05,73.2063217163086,75.07102268115196,71.92851724850642,74.45440695524803,2992922
2012-03-06,70.94046020507812,75.40534400765983,70.33870397417579,72.29998116747561,3340727
2012-03-07,72.46341705322266,72.9537377525439,70.59128029546866,70.94045212764914,3153868
2012-03-09,76.37855529785156,76.55685905085566,72.99088888218974,73.73379981960355,2925873
2012-03-12,76.98773193359375,79.43933539678649,76.07395299070375,76.66828516444454,3946425
2012-03-13,76.80201721191406,78.1392545297687,76.51970780055095,77.32205135672388,2782893
2012-03-14,78.27296447753906,78.71128233307198,76.3711202132065,77.99809073394727,4217369
2012-03-15,75.16761779785156,78.6295825194282,74.51385869550587,78.25069721805806,3397829
2012-03-16,72.70115661621094,76.87630705906189,72.07711095285781,74.60300701403422,5391954
2012-03-19,68.45171356201172,73.38463454611228,68.05053885449846,70.77701642917896,6913645
2012-03-20,69.52892303466797,69.98209469717624,66.99559746561081,68.64485747870218,7110580
2012-03-21,70.65071868896484,71.17818847049641,68.64486270843686,70.56157264216844,6118100
2012-03-22,68.43685150146484,71.82451783170387,68.0505364251987,70.72501107060862,2951165
2012-03-23,68.90487670898438,69.92266131407935,66.92874013392918,69.26890232759719,2841671
2012-03-26,66.17841339111328,68.94203441973933,65.74009542957538,68.94203441973933,2936170
2012-03-27,67.32249450683594,68.19913044543257,65.98525699774716,66.86189293634379,3980877
2012-03-28,67.78308868408203,68.68943785659482,66.49785426485559,66.93616632136309,3612525
2012-03-29,67.53793334960938,68.03567808022223,66.42356695075487,66.5647158322865,3227116
2012-03-30,70.6952896118164,71.0221661831479,66.86187600153721,67.71622229524924,3158325
2012-04-02,69.7889404296875,72.06224012094248,69.47691764656817,70.87358744934511,2476238
2012-04-03,70.0638198852539,70.7621577572099,69.69979424649507,70.5764300337227,1276634
2012-04-04,70.24954223632812,70.56156502101634,69.29862009426891,69.53635062978371,1093707
2012-04-09,67.90194702148438,70.13067359848569,67.64192707552262,69.38776279705198,2212501
2012-04-10,68.30313110351562,68.71915961374039,67.01046671912711,68.19912543278471,2207268
2012-04-11,67.5750732421875,69.06831901519463,67.0253198783972,67.75337115795999,2862875
2012-04-12,70.10096740722656,70.41299023495306,68.18426324343643,68.59286192929927,3358334
2012-04-13,69.06832885742188,71.17076675970782,68.34770728340703,70.57644028910809,2405097
2012-04-16,70.2718276977539,70.92558663356449,68.68943026787726,68.89001175384769,1988002
2012-04-17,71.77996063232422,72.2999948936633,69.25406411742891,71.14105523667406,6060639
2012-04-18,70.96273803710938,72.61199809519756,70.69529408249805,72.0622447425015,2190196
2012-04-19,70.55414581298828,71.55707675925312,70.05639524423763,70.7250139326472,1178814
2012-04-20,70.27926635742188,71.31934043632455,69.01631551548971,70.4204152306433,2364852
2012-04-23,70.01924896240234,70.81416271039055,69.2540486208666,70.13811424281363,2527474
2012-04-24,70.07125091552734,70.68786673516671,68.85287889293886,70.13068355498774,1230297
2012-04-25,68.3254165649414,70.4055589953391,67.5379326166085,70.04153334160691,1197835
2012-04-26,65.38349151611328,68.86030971677032,65.07889850597432,68.32541595373863,3232966
2012-04-27,63.25876235961914,66.26754304327359,62.31526421312131,66.26754304327359,4891036
2012-04-30,64.87088012695312,65.62865064742353,63.711940748604704,65.06403766122797,4816565
2012-05-02,64.63314819335938,65.74751452538469,64.06111123833477,64.78173270188296,2409117
2012-05-03,63.7713737487793,65.14576009412535,63.429637528182255,65.14576009412535,1606690
2012-05-04,63.54849624633789,64.4177021521047,62.64214712992382,63.61535868734303,3419070
2012-05-07,64.46227264404297,64.9303038854366,62.12953458977342,62.99874046147574,3442495
2012-05-08,63.12504196166992,65.03432198553939,62.56785880323484,64.63314731436192,1973140
2012-05-09,60.26484298706055,62.98389065308127,59.72994922400248,62.55300255379264,2960603
2012-05-10,62.233558654785156,63.13247811023635,58.03611293847709,60.47286296058863,18196877
2012-05-11,62.240970611572266,63.44448868616079,61.22318606653311,62.032959314524796,4882878
2012-05-14,60.732872009277344,63.035891106004094,59.84881224599988,62.4044215114632,3324607
2012-05-15,60.04939270019531,61.15632920732085,59.51449896674217,60.1459743774649,2961323
2012-05-16,58.68244552612305,59.82652531397655,58.192124784571426,59.128193244070175,2448900
2012-05-17,59.150474548339844,59.99739110048505,58.6898730585874,59.001895866319934,2618082
2012-05-18,59.07617950439453,59.43278114446656,57.50864155884774,57.50864155884774,2459685
2012-05-21,58.184688568115234,60.175684721686196,58.0435338770624,60.175684721686196,3614530
2012-05-22,58.266414642333984,59.72994699822711,58.02125428165542,58.78644876910337,2707980
2012-05-23,57.33034896850586,58.437285548689914,56.94403388853133,58.2664174343053,3129604
2012-05-24,57.8726692199707,58.3927091690739,54.35870796867238,57.27834284439602,2997970
2012-05-25,58.964752197265625,59.27677503342469,57.50121970451774,57.64980422737485,2500969
2012-05-28,60.175689697265625,60.32427420827001,58.89788504637027,59.38820577446388,1850723
2012-05-29,59.819087982177734,60.86659178259583,59.59621706488454,60.82944857214698,1170158
2012-05-30,57.67207717895508,59.72994155589602,57.30805157519476,59.187618054006165,1563761
2012-05-31,59.74479675292969,60.60657286120106,56.84745146950363,57.649794943663196,6234632
2012-06-01,58.75673294067383,60.53228220302796,58.1326873524446,59.529357204438405,2759668
2012-06-04,58.9796028137207,59.7745164868964,57.20404775579366,57.94695860209621,2820574
2012-06-05,60.822021484375,61.156327875263976,59.0018933722898,59.0018933722898,3299598
2012-06-06,61.6614990234375,62.17410907266637,60.81458263303283,61.082032367813014,3902617
2012-06-07,61.810089111328125,62.2261234040149,60.91859954264329,62.188974363256875,2319178
2012-06-08,62.73871994018555,63.236470406210074,60.91859198778227,61.81008144590843,3745578
2012-06-11,62.203834533691406,64.18740685422365,61.550075510831974,62.85016374833305,3369982
2012-06-12,64.36570739746094,64.58857834389175,61.386633890924564,61.82495180256588,3213689
2012-06-13,64.26911926269531,64.81144278459283,63.57821706719175,64.58857186053365,3074117
2012-06-14,62.91224670410156,64.62740812444974,62.53872207679944,64.18527632281052,1896541
2012-06-15,64.5435562133789,64.82560260047867,62.67593317376308,62.67593317376308,2178203
2012-06-18,61.84501647949219,66.70083536642267,61.494357015630065,66.70083536642267,3352941
2012-06-19,61.669708251953125,62.34052667470144,60.526263274112104,62.210936004705054,2195280
2012-06-20,62.33290100097656,62.584458648897396,61.326670409293214,61.75355484650679,926639
2012-06-21,63.01897048950195,63.25528078377303,61.219954408237975,62.02798720692502,2023076
2012-06-22,63.34675979614258,63.85749881222341,61.441018091267885,62.50823225012566,1708247
2012-06-25,62.767398834228516,64.3377279554025,62.508217544989456,64.02518686767755,1399838
2012-06-26,63.301021575927734,63.49921344484298,62.24904884118645,63.31626296474886,1007937
2012-06-27,62.531097412109375,64.19289899953942,62.09658930103052,63.87273418410874,3525634
2012-06-28,61.80691146850586,63.12568313117736,61.54773612950273,62.8283893751447,2871337
2012-06-29,62.91224670410156,63.19429310583427,62.35577160502043,62.98847158282296,4651537
2012-07-02,63.1485481262207,63.80411906331249,62.60732047053431,62.81313598532044,3441159
2012-07-03,64.01756286621094,64.1852659433824,63.34674457816623,63.80411769397184,4081047
2012-07-04,64.64264678955078,64.9475642014669,63.99469355212966,64.30723464676356,5425563
2012-07-05,65.65650939941406,65.78610006363216,64.26913051152599,64.71126231073603,5856959
2012-07-06,64.91706848144531,65.89280409483675,64.09378856796711,65.40493628814103,2927924
2012-07-09,65.11527252197266,65.40494857111784,64.04805850472499,64.77224264822848,3580766
2012-07-10,65.66412353515625,65.90043377812489,64.8332198641103,65.35920612820335,3414453
2012-07-11,65.5345458984375,66.99052605823086,64.77987292416636,65.71749637892505,10888529
2012-07-12,65.07715606689453,65.38207348451729,64.49018630087127,65.1000271154759,2572315
2012-07-13,64.93994903564453,65.83946000328748,64.71888612527249,65.17625931345182,2655962
2012-07-16,63.941341400146484,65.28298415240312,62.828391218698876,65.10003368337172,3527813
2012-07-17,63.18666076660156,64.58166315476493,62.584449626908224,64.03281181461112,2391064
2012-07-18,61.88314437866211,63.27814694236833,61.45625994926909,63.27814694236833,4479518
2012-07-19,61.585853576660156,62.56158946223142,61.242817692289,62.20331218916822,2750461
2012-07-20,61.34952926635742,62.03559489892263,60.83879038823558,61.62395193176832,2480690
2012-07-23,59.23796844482422,61.075102531174664,58.83395512668004,60.98363029963059,2809773
2012-07-24,58.59001922607422,60.06887008078422,57.774362955432636,59.0626396916055,11305732
2012-07-25,57.11878967285156,59.12362689525268,56.72240002563365,59.07789077814273,4779187
2012-07-26,55.045345306396484,57.4389544735555,54.656579341773025,57.33985855655245,5784986
2012-07-27,53.10149383544922,56.70715510579253,52.69748048806231,55.64756480766711,6968109
2012-07-30,54.56510925292969,54.80141953586139,52.40019230776973,53.36830449114537,6279088
2012-07-31,55.83051681518555,56.08969812945554,53.74182491381395,54.83190997453316,6020825
2012-08-01,56.242156982421875,56.51658567851271,55.11395942194141,56.10494861373623,4348927
2012-08-02,55.54847717285156,56.08970493758251,54.96150730285533,56.08970493758251,2911192
2012-08-03,55.022491455078125,55.19019457164218,53.917164859767354,54.27544214580156,2636079
2012-08-06,55.2054328918457,55.9448583956253,54.991987704454,55.647564653374815,1363741
2012-08-07,55.40363311767578,55.952484507041525,54.69469633597866,55.34264962996848,2464492
2012-08-08,55.022491455078125,55.83814794371276,54.75568642194786,55.83814794371276,2149935
2012-08-09,53.66559982299805,55.45699198643913,53.36067641024607,55.1978106732156,2558852
2012-08-10,53.284446716308594,53.46739715979444,52.60600474096205,52.60600474096205,2716652
2012-08-13,53.970523834228516,54.244946568048306,52.21724389401488,52.21724389401488,1741306
2012-08-14,54.49650573730469,54.96150259949465,53.520763932214244,53.7418268379715,3027672
2012-08-16,54.48887634277344,55.25117295006016,54.275437119523346,54.679450494595116,2169479
2012-08-17,54.595603942871094,55.144455367745735,53.74945276424945,54.88527403338162,2275776
2012-08-21,52.31632995605469,54.72518648786045,51.76747861263937,54.58797215716687,9682988
2012-08-22,51.91231918334961,52.36207463195236,51.41682761538232,52.36207463195236,3079756
2012-08-23,51.56166458129883,52.94903735561395,51.15002157735985,52.2629716617415,4047895
2012-08-24,50.715518951416016,51.302482809154306,50.49445005977134,51.302482809154306,3236101
2012-08-27,49.335758209228516,50.852727607698526,49.09182427290196,50.75362570896639,2673317
2012-08-28,48.84789276123047,49.32051631008888,48.19231873984879,49.32051631008888,3003439
2012-08-29,47.62821578979492,49.549201562665104,47.422397273624384,48.93936371790264,4349086
2012-08-30,48.15420150756836,48.77166003829903,46.690591893694716,47.41477301761521,6359697
2012-08-31,48.49723434448242,48.78690440223319,47.45288843093794,47.45288843093794,3893066
2012-09-03,48.73354721069336,49.6101901367323,48.48199254942926,49.25953356425271,2434676
2012-09-04,48.92411804199219,49.21379409268418,47.978873983956056,48.77928300632595,3356900
2012-09-05,48.36764144897461,48.92411646898645,48.07796841497741,48.92411646898645,3187729
2012-09-06,47.430023193359375,48.2380559092878,47.208957300547276,47.89502303970763,3730640
2012-09-07,49.17567443847656,49.39674331261899,47.95600471686096,48.009364519761725,3760707
2012-09-10,49.75502395629883,50.09805382614389,49.06895524756959,49.54920244677614,2367952
2012-09-11,49.86936569213867,49.98370897852368,49.10706914375967,49.65592050602323,2276994
2012-09-12,50.235267639160156,50.45633052033853,49.549198978454044,49.9760833547481,2349816
2012-09-13,49.335758209228516,50.50206808970974,49.1375603911234,49.1375603911234,1556944
2012-09-14,51.98092269897461,52.14100209518016,49.854115566319365,49.854115566319365,4642227
2012-09-17,54.90814208984375,57.16453713727153,52.44592552705531,52.44592552705531,10631911
2012-09-18,60.01551055908203,61.5477271966592,54.18394968037509,54.27542788860957,14054354
2012-09-20,61.73068618774414,62.92749098270504,58.42233017626966,59.84019789252444,17716208
2012-09-21,65.51929473876953,66.06814614847137,61.73830640210409,61.73830640210409,11388357
2012-09-24,65.1991195678711,69.4984638968318,63.30862569975206,63.30862569975206,14828729
2012-09-25,66.2206039428711,67.36404879657886,63.89560179874239,65.55740329680246,8379776
2012-09-26,66.89904022216797,67.08199066550291,65.1000245396949,65.999529391252,6920348
2012-09-27,65.69461822509766,67.21921137704732,64.07092914918942,67.21921137704732,5989149
2012-09-28,65.77848052978516,67.562249227205,65.60315373165245,66.01479082202314,6392165
2012-10-01,66.59413146972656,66.8456891094189,65.35921432191314,66.01478533420732,2679331
2012-10-03,66.49503326416016,67.4936401949641,65.70987154654179,66.92954139514508,2281369
2012-10-04,66.50265502929688,67.23445685154631,65.96904504938722,66.63223970338085,3513708
2012-10-05,64.8332290649414,67.2344622070858,64.18527574611267,66.9371624611763,4171567
2012-10-08,66.54837799072266,66.89140778482015,64.20812898773794,64.94755434686009,5257178
2012-10-09,66.54837799072266,67.3487868229749,65.75558686067335,67.08198188577146,3537709
2012-10-10,65.244873046875,66.44167181398508,62.348148258977886,65.9385565190278,2364518
2012-10-11,65.05429077148438,65.862323420215,62.93510426249596,63.72789552491779,7783100
2012-10-12,65.24486541748047,66.16724742114846,64.87134079760159,64.87134079760159,2592502
2012-10-15,65.68699645996094,66.01477894470246,64.72650211609377,65.08477933208142,1456174
2012-10-16,64.51304626464844,66.77706442826678,64.20812889941739,65.98427927866607,1878492
2012-10-17,64.85608673095703,65.1762515119753,64.23101051388974,64.83322166190084,1337987
2012-10-18,66.73895263671875,66.92952075986831,64.65026119075748,65.17624140854083,3020367
2012-10-19,68.1568374633789,68.30166951348275,65.24486538308935,65.24486538308935,8066253
2012-10-22,68.57610321044922,69.20118551673875,67.84430128484979,68.30167449866937,4819741
2012-10-23,67.55462646484375,68.91913428555462,67.08199993639124,68.57609841979395,1764793
2012-10-25,67.3106689453125,67.99673451826907,65.87755432578896,67.55460283975411,2705014
2012-10-29,64.16240692138672,65.2524859947603,63.78888231928929,65.08478290178577,3315436
2012-10-30,60.59486770629883,64.47495198766767,60.221343081313925,64.37585007896895,5972350
2012-10-31,61.120845794677734,61.501994089188415,59.481915303513254,61.501994089188415,4123713
2012-11-01,62.34052276611328,62.614945477624715,60.91503146488768,61.57822616201328,2320473
2012-11-02,65.23724365234375,65.63363331896616,62.8207633195819,63.27051876803052,5224006
2012-11-05,63.76601028442383,65.23724359975354,63.133304379730454,64.79511183477938,4061805
2012-11-06,63.99469757080078,64.4292056574869,61.49436865671662,63.5754368505077,20205431
2012-11-07,66.34259033203125,66.62463679671762,63.278161771543076,64.04807626986714,8610243
2012-11-08,67.5851058959961,67.84428718562353,65.2448565861474,65.70985936683643,6359455
2012-11-09,66.41117858886719,68.36265016708317,65.82420879113226,67.79093371525235,4408198
2012-11-12,67.13536834716797,67.53938775425218,65.89282734627801,67.08200853440147,2178897
2012-11-15,66.1138687133789,66.62460757937602,65.26772371102439,66.61698389727354,2229439
2012-11-16,65.1915054321289,67.21921392266324,64.665525079926,65.61838985662042,2146635
2012-11-19,64.70362854003906,65.72510632713583,64.04043393429284,65.30583966503438,2142944
2012-11-20,63.18666076660156,65.26010514209715,62.75215270822659,64.8103497183226,2926819
2012-11-21,65.16862487792969,65.40493509506751,62.584441914859525,63.42296319748245,3715352
2012-11-22,65.6259994506836,66.28157630349548,64.36059381602719,66.28157630349548,2495751
2012-11-23,66.37306213378906,66.74658674901431,64.85609860175481,65.86232915368565,2092165
2012-11-26,65.49642944335938,66.60175594265246,65.10003377024915,65.99953874934735,1791545
2012-11-27,66.71609497070312,66.91429279457952,65.35921091553602,65.86232616869945,1963163
2012-11-29,67.66134643554688,68.91151096742112,65.9233139847675,66.8914261389249,7830717
2012-11-30,70.82487487792969,71.34323756565342,67.70708702615151,67.70708702615151,6808885
2012-12-03,70.48945617675781,71.64052474976141,69.93298109888971,71.04593723398547,3340290
2012-12-04,72.09790802001953,72.3570893548053,69.56708414327376,70.51995493899791,3537133
2012-12-05,71.88446044921875,72.66962811168773,71.35085640874756,72.44855922424472,3199434
2012-12-06,73.2947006225586,73.94264787266331,71.228879950258,72.26559913804093,4119688
2012-12-07,73.24134826660156,74.03413965249538,72.11315663929116,72.11315663929116,2643975
2012-12-10,74.04175567626953,74.98700876241007,72.57815188204908,73.33282483070396,5710952
2012-12-11,73.48528289794922,74.58298568907695,72.18937629533507,74.40003522388899,3838664
2012-12-12,72.77635192871094,73.90454954394679,71.35086053118782,73.63774451861613,3598527
2012-12-13,70.71814727783203,73.2794597114194,70.26839181890722,73.02790208010208,3831199
2012-12-14,70.59618377685547,71.1602825542468,68.97249461835767,69.83388716210614,9194243
2012-12-17,71.75486755371094,72.26560650673613,69.8872445011259,70.6266700387584,7831031
2012-12-18,71.98355865478516,72.50953898456457,69.91011413057561,71.96068760504541,10088481
2012-12-19,72.5933837890625,73.0888752987895,71.42707401651963,72.41805703597363,9824102
2012-12-20,74.2323226928711,74.70494317304376,71.89969708393406,72.92879855178707,4103372
2012-12-21,72.50192260742188,73.98077978101837,72.15889270291466,73.7673345666832,3547779
2012-12-24,72.10552978515625,73.48528498642831,71.81585372252293,72.87544410577696,1661591
2012-12-26,73.63773345947266,73.99601068122602,71.46519310079063,72.27322576014885,3842241
2012-12-27,74.32381439208984,75.00988022390949,72.89069923183014,73.94266604337221,5760049
2012-12-28,75.20807647705078,75.55873008029145,74.53725802854851,74.72020851450367,2557377
2012-12-31,75.75690460205078,76.19903630177413,75.16231720066743,75.45198721937234,3269489
2013-01-01,78.66889190673828,79.27872679485634,75.99323610318059,76.21429900786353,4506670
2013-01-02,79.6522445678711,81.26068618935197,79.24060754859738,79.26347261783758,7251966
2013-01-03,79.71322631835938,80.48314651882076,78.60789995522175,80.48314651882076,4314799
2013-01-04,80.22396850585938,80.65085289904583,78.98142776200335,80.46790244482307,2968309
2013-01-07,79.28633880615234,81.00912360630413,78.83658340011665,80.2239620508605,2795637
2013-01-08,78.20388793945312,79.530283286498,77.64741286465191,79.27872565135776,4948574
2013-01-09,77.92183685302734,79.27872087256783,77.68552061959525,78.21913059135647,1767646
2013-01-10,77.08331298828125,79.23298838090767,76.83937904009093,78.05904878104249,4467787
2013-01-11,76.74028015136719,77.79224675713955,76.36675556021035,77.08331001049852,3080723
2013-01-14,78.88233184814453,79.24823278435628,75.3833959240002,76.74028603665167,3344850
2013-01-15,79.7513427734375,80.1172496647239,77.7922475600745,77.7922475600745,3793519
2013-01-16,77.49494934082031,79.39306095923638,77.0909300368021,78.99666533786292,3729910
2013-01-17,78.63839721679688,79.09577637282199,77.1900348721837,78.29536733429777,3512870
2013-01-18,79.45405578613281,80.41455024613467,77.95233359530313,78.63839935834451,4000437
2013-01-21,79.36258697509766,80.34594654950237,78.55455419606866,79.44643554107384,2143412
2013-01-22,76.82412719726562,79.80470616434897,76.49633873122399,79.59888466529597,4096813
2013-01-23,75.48249053955078,78.82134074446247,74.65158684007059,77.60167107491274,3676648
2013-01-24,75.14708709716797,76.23717222256279,74.26282349461549,76.23717222256279,5073439
2013-01-25,74.56774139404297,75.75692245643417,73.27184071740226,74.70495574342654,11942890
2013-01-28,73.55388641357422,75.52822899451282,73.26421037357292,74.87265204232392,4520982
2013-01-29,72.60100555419922,74.99460851451775,71.83870910417639,73.86641718288844,9356392
2013-01-30,71.13742065429688,73.7902117798312,70.89348666289517,73.7902117798312,3178070
2013-01-31,73.34806823730469,73.61487324014419,70.50470338666784,70.50470338666784,6173336
2013-02-01,71.9911880493164,74.06463291023253,71.67102917712589,73.77496279661999,2708196
2013-02-04,69.46035766601562,72.68486470581202,68.95724241392152,72.5247852980363,2689335
2013-02-05,68.98772430419922,69.5213342357533,67.57748058961532,69.32313643201489,2894356
2013-02-06,71.13742065429688,71.5795525085526,69.37651692192537,69.63569828262982,4432096
2013-02-07,70.14643096923828,71.57954602866788,68.92676112264286,70.74101852461355,3398482
2013-02-08,68.00437927246094,70.63429911362282,67.18109913393096,70.5428268645417,19799738
2013-02-11,67.99673461914062,68.34739407743923,62.50821002734598,67.40214724539668,4099871
2013-02-12,68.37026977539062,69.12494262205905,67.34117424407127,68.05011097319105,2805661
2013-02-13,67.03626251220703,69.12494848321892,66.52552355497083,68.60659182187793,3579044
2013-02-14,66.10625457763672,67.65371264397314,65.70985896307062,67.04387783645517,3034894
2013-02-15,66.68560028076172,66.9981413934008,65.32109254156948,66.31969936538317,2429890
2013-02-18,69.43748474121094,69.74240814097372,66.65510954292844,66.66273322585843,3661494
2013-02-19,69.7500228881836,69.96346806309882,68.94199026352275,69.68903940668767,4157055
2013-02-20,68.82765197753906,70.04732767532104,68.53035823109346,69.81863511859729,2519362
2013-02-21,66.97527313232422,68.60658578685091,66.66273203457581,68.60658578685091,2254376
2013-02-22,67.39453887939453,68.14158809683911,66.33494854078721,66.62461861185528,2175607
2013-02-25,66.1977310180664,68.08822502093227,65.6488796564032,67.81379635042106,1829816
2013-02-26,65.15338897705078,66.5636328255843,64.93994378828367,65.55740232592089,1977782
2013-02-27,66.07577514648438,66.76184095863056,65.40495670289617,65.55741245039519,4380135
2013-02-28,63.361995697021484,66.92191481723634,62.20330351512142,66.92191481723634,5448567
2013-03-01,63.99469757080078,64.79511255412307,63.31625553926346,63.88797796476822,2514031
2013-03-04,63.59830856323242,64.58929171936317,62.52347087042496,63.72789922020578,3198231
2013-03-05,64.0709228515625,64.45969478461983,62.470104982849705,63.65928585026342,4460637
2013-03-06,64.90182495117188,65.80132977805813,64.4139571156595,64.94756106591149,2783520
2013-03-07,66.04528045654297,66.38068665853078,64.59691809891287,65.10003338125426,3661016
2013-03-08,65.96142578125,66.76183482532822,64.80273948513519,66.16724729979343,4881480
2013-03-11,66.51789855957031,67.44027455017341,65.55740415239718,66.17486270723724,3454427
2013-03-12,65.91568756103516,67.08199750360481,64.97044051777002,66.8761759916127,2188839
2013-03-13,64.20052337646484,65.67175680660893,63.712655454105686,65.16101783312926,2578165
2013-03-14,66.2892074584961,66.53314139047697,63.15617279799809,64.12428484312728,3229485
2013-03-15,65.90043640136719,67.02101015878438,65.58789529937955,66.28920835296722,3719623
2013-03-18,65.13052368164062,66.54839731789578,64.76462273659408,65.86233155109355,1814364
2013-03-19,61.63158416748047,66.16724524178306,61.31904304727688,65.70986609681017,5376882
2013-03-20,59.33708190917969,61.745932860811706,58.89495009220925,61.745932860811706,4591850
2013-03-21,56.58518981933594,60.22133995082805,56.19641784716695,59.154125937868194,7633109
2013-03-22,58.24699020385742,59.100764985244155,56.29551865636623,57.77436968328923,3654410
2013-03-25,56.501338958740234,59.52003073290209,55.921992804440926,58.69675061455251,3395999
2013-03-26,55.350276947021484,56.707161132426485,54.275439168518915,56.623306589064185,3934134
2013-03-28,58.55190658569336,59.001662028118105,54.885267837229755,55.62469333746337,7930182
2013-04-01,59.51240158081055,59.7334704525181,57.675267356082145,58.68149785501197,2346181
2013-04-02,61.86026382446289,62.11943910720736,58.971163491294384,59.154113915244835,4043695
2013-04-03,59.31420135498047,62.02035163197523,59.001660257503076,61.74592296907447,3256530
2013-04-04,59.7410888671875,60.83117391378684,58.30035027015279,58.71199328608234,5308779
2013-04-05,60.65584945678711,61.73068717809234,59.76396220087856,60.20609398709376,4664527
2013-04-08,59.33708190917969,61.593477118722596,59.00166970960763,61.12847424972679,4532168
2013-04-09,57.400848388671875,60.3509329085162,56.96634027949788,59.97740828871119,6167224
2013-04-10,57.75149917602539,58.18600726427072,56.1506811623551,57.84297739535254,5239741
2013-04-11,56.973960876464844,58.529042760805666,56.46322193840951,57.96494401986325,4177134
2013-04-12,59.237972259521484,59.60387313104477,56.356495422077344,57.27887128312879,5994907
2013-04-15,62.645442962646484,63.33913242448867,58.58240810291941,59.459048040255794,10490772
2013-04-16,63.941341400146484,64.3377370727277,62.03560585289615,62.03560585289615,5126916
2013-04-17,63.04182815551758,64.64264604446556,62.515841888925536,63.583055808010506,4218104
2013-04-18,64.42159271240234,65.19913677573999,62.20331578939854,62.5082332712877,5869040
2013-04-22,67.98149108886719,68.53034836247932,64.46731448161633,64.50542691256896,10450871
2013-04-23,66.47979736328125,68.43889296673777,65.58790997576747,68.36266210006744,5816590
2013-04-25,66.88380432128906,67.6613483232569,66.34257658107373,66.41118375650383,4161707
2013-04-26,64.12429809570312,66.90667979885353,63.80413324896997,66.7770891232863,5865683
2013-04-29,64.39109802246094,65.40495229345072,63.04946122573446,64.85610087660807,5363876
2013-04-30,63.23240280151367,64.93994030255942,61.92887264829319,64.56641572678579,5164057
2013-05-02,62.836002349853516,65.48116890780534,62.38624696107045,62.96559298694963,18363966
2013-05-03,60.28994369506836,62.81313757041172,59.6115016928314,62.50059646964914,12687682
2013-05-06,59.702964782714844,60.83116204578024,58.407064460336976,60.29755814104519,7428581
2013-05-07,60.97600555419922,61.28854663535124,59.61149795247483,59.61149795247483,4435982
2013-05-08,61.42575454711914,61.74591930840237,59.94690367870685,61.136084515176556,5051864
2013-05-09,61.86026382446289,62.35575530341516,60.67870078149863,60.98362413410762,6588293
2013-05-10,64.52830505371094,65.2524831769444,61.334286865736836,61.63158060205885,7253416
2013-05-13,61.94412612915039,65.2524878382453,61.67732112601189,65.22199908382467,5312259
2013-05-14,62.57682418823242,63.20953004097046,61.62395356788243,61.982236747923665,4032833
2013-05-15,65.48118591308594,65.84708687307776,62.813147615932074,62.813147615932074,5725309
2013-05-16,66.20536041259766,67.21921466912355,64.79511646146476,64.79511646146476,4574341
2013-05-17,67.08961486816406,67.50887555663704,64.98568176382231,65.86232155385787,3431387
2013-05-20,67.76043701171875,69.71953819559668,67.40215978449413,67.69182984362223,6311417
2013-05-21,67.52412414550781,68.5456019650766,67.08199240116902,67.76043439350984,5359897
2013-05-22,67.32593536376953,69.47561089115514,67.08200140028745,67.5774930110304,6404862
2013-05-23,64.74176025390625,66.76946906694162,64.33012313108826,66.6551257539011,3053863
2013-05-24,65.16101837158203,65.5574080720945,63.27052417745857,64.52831241228427,4144877
2013-05-27,65.4887924194336,66.21297046537853,63.7812490746677,65.55739359949789,3681126
2013-05-28,66.56362915039062,67.29543691478719,65.13051433167918,65.56502238896512,3336286
2013-05-29,64.4444580078125,67.22683949791113,64.03282093888122,67.22683949791113,4201130
2013-05-30,64.94757080078125,66.31970228350538,63.362000097707806,64.26150505941918,8907744
2013-05-31,62.81313705444336,65.07715559049763,61.82977764238874,64.64264752614612,4834680
2013-06-03,62.165191650390625,63.11805635975798,61.89838666167533,62.38625454090839,2931332
2013-06-04,60.64822006225586,63.331499281424065,60.373791400323135,62.264285344093175,5288839
2013-06-05,60.85403823852539,61.21994513021131,59.733470431624646,60.52625574166567,5062114
2013-06-06,63.20953369140625,63.52969847750815,60.09174634257476,60.221336993600744,6152157
2013-06-07,60.55674362182617,63.407725725625085,60.22133150046687,62.37100061198285,5837502
2013-06-10,59.96977996826172,61.6696998349243,59.390433874371496,60.983634137729815,3525397
2013-06-11,59.96977996826172,61.44100728295333,59.24559585605913,59.61150274334085,3864151
2013-06-12,59.94691467285156,60.831178274880536,59.161752979996066,59.878307498611406,3494287
2013-06-13,58.048797607421875,59.85544325514981,57.93445430855907,59.45904757168952,4507971
2013-06-14,59.39805221557617,60.67108757517565,58.69673921544906,58.69673921544906,5898541
2013-06-17,59.33708190917969,59.977411572289974,57.66003287003942,59.76396635813321,4126443
2013-06-18,58.429935455322266,59.97739949273683,58.23936133157284,58.8492021151863,3105572
2013-06-19,57.987815856933594,58.696752702269954,57.484706522705274,58.125030211432254,4035851
2013-06-20,54.732810974121094,57.62190574705028,53.36067362640035,57.47707371084439,5790790
2013-06-21,54.06961441040039,55.5637128577036,52.44592530353643,54.90051817240294,6047556
2013-06-24,52.331573486328125,55.03009986788569,51.92755420660177,53.97050969307552,4425645
2013-06-25,51.61502456665039,53.17773027703706,51.07379682576132,52.445928377351564,4426663
2013-06-26,52.5831413269043,53.863794617221146,51.85133944672324,51.91232293673832,5672747
2013-06-27,53.13961410522461,54.48887451043619,52.75084213105873,53.05575956784781,3796182
2013-06-28,54.97675323486328,55.49510993341815,53.589374290655826,53.589374290655826,5434225
2013-07-01,58.62814712524414,59.00167177859672,54.88527690744256,54.88527690744256,5437946
2013-07-02,56.81387710571289,58.80346713232362,56.501335983312295,58.69674752351157,5130114
2013-07-03,54.38215637207031,56.409864855715554,53.7418267478287,56.409864855715554,4936941
2013-07-04,54.841007232666016,56.25712560311498,53.962851630684554,55.062519488646636,7637195
2013-07-05,55.473907470703125,56.24921276667784,54.48499575475977,55.8536480803005,3484093
2013-07-08,54.500823974609375,55.09417104928073,53.55937821191834,54.92012480803128,3366230
2013-07-09,56.328330993652344,56.6289574464777,55.086258782036886,55.21283899433395,3562517
2013-07-10,54.8172721862793,57.23021437226269,54.5087337062771,56.80300772345353,4086568
2013-07-11,55.85365676879883,56.439091851044125,55.402713949064015,55.85365676879883,2605004
2013-07-12,56.098907470703125,56.48656019485705,55.0229755321099,55.41062825626383,2783012
2013-07-15,57.135276794433594,57.43590944488056,55.39479581831975,55.99605491369309,4384942
2013-07-16,52.24610900878906,56.114723666870795,52.016681601955305,55.378972316132035,8964768
2013-07-17,50.55309295654297,52.918562912542164,49.85689871215812,52.451802275585095,6117823
2013-07-18,52.12744140625,52.35686571282735,49.920190432704324,50.79043093929961,5885418
2013-07-19,50.38695526123047,52.64167217197452,50.00721153875933,52.37268768163251,4603519
2013-07-22,50.60847854614258,51.850547717115646,50.00721630214061,50.315757912115686,4318490
2013-07-23,51.3758659362793,52.119529333484365,50.81416702305894,51.114793474194215,4315739
2013-07-24,47.00092697143555,50.47398003590796,46.676564405751975,50.157529509085045,8184126
2013-07-25,46.510433197021484,47.736678291621985,46.18606750771974,46.51834213363038,5018532
2013-07-26,42.610164642333984,47.29364489057416,41.23360328745282,46.83479007136032,15806867
2013-07-29,42.70509719848633,43.49622657688156,41.04373046827261,42.491493879754906,7142780
2013-07-30,41.15448760986328,43.456667282207675,40.83803401290747,42.57851793650436,7597371
2013-07-31,43.33800506591797,43.986730219365064,38.93142124595569,40.82221863790821,12671638
2013-08-01,40.78266525268555,44.23989467141303,40.220963170320665,43.78103979880631,8925155
2013-08-02,38.227317810058594,41.486764534541635,37.49156643582291,41.091199813384456,8177819
2013-08-05,39.31907272338867,39.71463743461993,36.45518768916593,38.06909158687906,11987547
2013-08-06,37.768463134765625,38.74946290254769,36.94568863553543,38.74946290254769,6791155
2013-08-07,39.02634811401367,39.71463337156937,37.49947369750701,37.65769894526002,8920986
2013-08-08,38.725730895996094,39.55641752252277,37.42828045338373,39.55641752252277,7542460
2013-08-12,39.12128829956055,40.1022879868894,37.183025040309325,39.232047529843555,10431475
2013-08-13,39.532676696777344,39.90450840015321,38.19566931629192,38.76528337849915,6318906
2013-08-14,39.42982864379883,40.458294324306216,38.82856958862583,39.09755406608534,7387358
2013-08-16,35.47418975830078,39.49312407829769,35.078628129665795,39.23996054032743,9264869
2013-08-19,33.24320983886719,35.12609201198487,32.78435192396715,35.12609201198487,10504117
2013-08-20,34.24794387817383,34.6355965963691,31.819180359586177,32.127721987834235,9141789
2013-08-21,32.66568374633789,38.19566829904105,32.43625634031418,37.10391243779741,16918392
2013-08-22,33.353965759277344,33.607126177398854,31.835000147787955,32.278030879500605,13927855
2013-08-23,33.638771057128906,34.17673379049718,33.2273823149767,33.52800873084485,8826476
2013-08-26,33.27485275268555,34.28749756370411,32.95840221885488,34.176738325483164,9237486
2013-08-27,31.98531150817871,33.06124953244705,31.724242143935292,32.99004738639866,8430663
2013-08-28,30.83026885986328,31.39197094756202,29.96794028264534,31.328680833688423,8847023
2013-08-29,30.90938949584961,31.62931384325344,30.236928084837825,31.170458916714015,10782098
2013-08-30,32.08816146850586,32.52328327646182,30.46634861584514,30.854001292687926,13381751
2013-09-02,32.7606201171875,33.17200891716341,32.238475180879945,32.357146459070115,6789017
2013-09-03,30.75115394592285,33.04542494275844,30.537550613844786,32.83182161068037,8356387
2013-09-04,31.059694290161133,31.660953435846267,30.141987698328883,30.711598686362695,7019319
2013-09-05,33.353965759277344,33.51219102060329,31.969489292844788,32.278030879500605,16896976
2013-09-06,32.3492317199707,34.06597961466816,32.08815927360712,33.781174155751565,22589890
2013-09-10,32.895111083984375,33.38561094747203,32.562836482466885,33.36978686989486,13862893
2013-09-11,35.18147659301758,35.36343488665561,32.278034215058746,33.01378253194548,39916428
2013-09-12,35.545387268066406,36.122910211217665,34.36660836975003,35.727348634199615,23928078
2013-09-13,35.94095993041992,36.99316196410566,34.967872091365315,35.19729953248264,18658798
2013-09-16,35.600772857666016,37.19884964638742,35.06280383342435,37.00897932115877,14326244
2013-09-17,34.81755447387695,35.60077187080454,34.25585245024233,35.60077187080454,11895068
2013-09-18,35.63241958618164,36.12291639802309,34.87293514681958,35.28432087081202,10055761
2013-09-19,38.678260803222656,39.39818810308281,36.89822265139067,37.34125340387671,22217296
2013-09-20,37.11182403564453,40.18931233200554,35.60077047157247,38.95515219797673,27211026
2013-09-23,35.656150817871094,37.10391437038565,35.054891687057285,36.3127880176839,15461467
2013-09-24,35.545387268066406,36.36024963963658,34.82546004731178,35.181470741320204,9365912
2013-09-25,35.18147659301758,35.94886996543964,34.17674064993956,35.49001510879695,11004418
2013-09-26,35.68779754638672,36.05962927667258,35.007427299761225,35.15774053813686,7104545
2013-09-27,35.64823532104492,36.58176587806783,35.36342986169627,35.79063960209934,6439951
2013-09-30,35.039066314697266,35.63241333184102,34.20837987014399,35.12608942688472,9624329
2013-10-01,35.893489837646484,36.23367338947248,34.68306265431306,35.29223071415991,6327995
2013-10-03,37.29378128051758,37.45200963933145,36.05962428329889,36.25740352629584,6897298
2013-10-04,37.2858772277832,37.97415640606443,36.7320872076903,37.214675077544285,7793756
2013-10-07,36.82701873779297,37.50738891213238,36.32069479934206,37.23840441679159,4314439
2013-10-08,37.175113677978516,38.27478155129968,36.89822025137516,37.97415200885814,5950682
2013-10-09,37.602325439453125,37.736817692025845,36.24949708021059,36.708348802900495,6453970
2013-10-10,37.53112030029297,37.958330038286334,37.23840280414568,37.23840280414568,4744257
2013-10-11,38.512123107910156,39.05800105527892,37.657703562522265,37.98997817492427,9055509
2013-10-14,38.63869857788086,39.58805316700649,38.456740318684126,38.456740318684126,6141937
2013-10-15,36.40772247314453,39.239959414969036,36.05962688471411,39.145024254488014,8217905
2013-10-17,35.18147659301758,36.65297322679104,34.959958101509606,36.65297322679104,9354649
2013-10-18,36.423545837402344,36.66088530555137,35.347610845290234,35.44254601199771,6608146
2013-10-21,37.05644607543945,37.325427467535675,36.31278579797759,36.621324280981,6222701
2013-10-22,36.463104248046875,37.24632172871052,36.312791004360605,36.97733719528808,8701992
2013-10-23,37.364986419677734,37.942509426305385,36.60550512967768,36.70834922729486,12816412
2013-10-24,37.230491638183594,38.35389562418782,36.866571993382784,37.67352546336902,10518932
2013-10-25,36.747901916503906,37.30960388032547,36.51847452861961,36.9694203689688,4692538
2013-10-28,35.71944046020508,37.206761086646,35.57703616719588,36.9615126961973,5554560
2013-10-29,37.15138244628906,37.42036694993759,35.12609283545379,35.71943991017481,9328515
2013-10-30,36.88239669799805,37.72890416981693,36.565946176596675,37.42036568714066,5161651
2013-10-31,40.86177062988281,41.45511768592627,36.471011102890046,36.550122182039665,24050511
2013-11-01,41.953529357910156,43.91552568717293,41.107021888760244,41.138666940800604,25983453
2013-11-05,44.3743782043457,46.43922162192687,41.84276796617442,42.48358101262925,23295479
2013-11-06,42.610164642333984,45.078484978270254,42.388649271655666,44.477228972143386,13251176
2013-11-07,40.743106842041016,43.32218352885312,40.45038930190658,42.61016822612187,14733331
2013-11-08,40.18140411376953,41.391831349513794,39.651350216657924,39.88868657847245,11694051
2013-11-11,39.02635192871094,40.861767938888555,38.70198938921006,39.87285934670202,13169502
2013-11-12,39.754188537597656,42.86332483229201,38.607054681615075,38.607054681615075,45454045
2013-11-13,39.58805465698242,41.10702019509673,38.86812742565591,39.57223058023408,24408999
2013-11-14,40.189308166503906,41.130750695489716,39.817479618748145,40.62442991462741,10980406
2013-11-18,41.82695388793945,41.98517916606515,40.7589309335205,40.853866100395926,13146252
2013-11-19,41.43929672241211,42.16713292348287,40.861770640938204,41.9456175579396,17627163
2013-11-20,39.87286376953125,41.39974148601827,39.35863087222264,41.17031407145222,14515828
2013-11-21,38.1482048034668,39.38236183092583,37.81592710347204,39.239957545608114,14148462
2013-11-22,37.49156188964844,38.89185921931133,37.22258051819662,38.21148909841546,10666924
2013-11-25,38.970977783203125,39.18458111734317,37.83175276134862,37.83175276134862,11329286
2013-11-26,36.700435638427734,39.69880953096852,36.32860397693183,38.62287473710384,48102467
2013-11-27,37.81592559814453,37.95041783942195,36.929864177804106,36.98524224088535,15359966
2013-11-28,38.06118392944336,38.4963026796786,37.74473026237326,38.448836646412545,10022445
2013-11-29,39.30324172973633,39.47729104082491,38.08490586039566,38.09281789789055,12767880
2013-12-02,39.26369094848633,40.06272923161138,38.95514938587207,39.56431737020067,9548058
2013-12-03,38.49629592895508,39.073818883235276,38.29060464960442,39.073818883235276,9372724
2013-12-04,38.68617630004883,39.145031208602894,37.85549272257882,37.85549272257882,10747559
2013-12-05,40.98835754394531,41.13867077947278,39.07382395995648,39.66717106814904,25210301
2013-12-06,42.0880241394043,42.34118457097308,40.663990506309005,41.15449039385374,16384723
2013-12-09,44.22406768798828,44.60380831604774,43.116487753387894,43.51205245899664,16546410
2013-12-10,42.97408676147461,44.619635814756805,42.40447577571115,44.461407438173076,11889264
2013-12-11,42.0089111328125,42.72092641797404,41.57378930176465,42.72092641797404,8612814
2013-12-12,41.52632141113281,42.62598934446112,41.29689399816586,41.771569799428306,8753167
2013-12-13,39.81748580932617,40.980443860748814,39.68299355530961,40.80639451388729,7520695
2013-12-16,39.7225456237793,40.315892679468526,39.09755661865735,39.48520928371184,8028742
2013-12-17,38.82066345214844,40.64025876521632,38.54376999713229,40.15767090172379,11019670
2013-12-18,40.972530364990234,41.676633561004536,38.46465296532132,38.75737047755069,24162509
2013-12-19,40.61652755737305,41.66872955933671,39.41401231345487,41.455123101929004,16972429
2013-12-20,41.921878814697266,42.3253523996725,40.18139497493549,40.553226614775284,11865988
2013-12-23,43.97882080078125,44.619633908072075,41.66872569615659,41.66872569615659,18091038
2013-12-24,45.481964111328125,45.719303572287544,43.21933805253268,43.98673140252876,21765363
2013-12-26,44.959815979003906,46.59745286910599,44.63545341649676,45.6401861563906,18325833
2013-12-27,44.63545608520508,45.695563777991346,44.30317838438564,45.25253304908598,8406091
2013-12-30,43.78103256225586,45.45822649227849,43.622807305227354,44.95190256702705,9432401
2013-12-31,44.65918731689453,44.777858592717735,43.448763263924576,44.12913345482155,11037862
2014-01-01,45.12596130371094,45.39494584808589,44.46932402315367,44.88862181733534,6251894
2014-01-02,42.910797119140625,46.26518226899493,41.92979730799562,45.09431212719487,18446369
2014-01-03,43.96299362182617,44.26362315941952,41.9772612304294,42.341180870383425,17362007
2014-01-06,42.96617126464844,44.61171696392318,42.63389668897217,43.6307173132409,8942206
2014-01-07,42.48358154296875,43.70192065303125,41.945615679314756,42.981993420188886,12968527
2014-01-08,43.377559661865234,44.065841868582055,42.341181883832874,42.720922507086186,16658310
2014-01-09,42.325355529785156,43.8997022088352,42.13548522837171,43.464580441025966,11737674
2014-01-10,41.684547424316406,43.156047088708426,41.36018484529132,42.404474729520466,14745159
2014-01-13,41.605438232421875,42.24625138042197,40.90133187081575,42.18296126957654,12542862
2014-01-14,40.60860824584961,42.064283679871295,40.45829503081155,41.56587490735765,10812536
2014-01-15,41.96144485473633,42.12757906456948,40.67190344798739,40.94088796387816,14427091
2014-01-16,42.15131378173828,42.483585293122154,41.80321508941548,42.23833690343877,10589003
2014-01-17,40.86968231201172,42.16713254413907,40.74310210426859,41.92979310324057,8709302
2014-01-20,41.15448760986328,41.28897674282648,40.402912256318245,40.980438286675586,7230078
2014-01-21,41.937705993652344,42.62598821430455,41.36809504723969,41.36809504723969,12525307
2014-01-22,42.22251892089844,42.436122272126184,41.51841255001452,41.94562235523066,11652757
2014-01-23,42.01681900024414,42.515230891472726,41.771567522556325,41.929792781019316,11116585
2014-01-24,40.17589569091797,42.122243579591455,40.062357325974325,41.960048187253136,15810635
2014-01-27,37.87271499633789,39.478454161492216,37.67808052430954,39.243270045971215,11112565
2014-01-28,37.17527389526367,39.18650317094218,36.57514933854802,37.791616401305134,21280592
2014-01-29,36.85898971557617,38.09978844727496,36.66435524405747,37.953814183942754,8366920
2014-01-30,35.018070220947266,36.44539288384545,34.79910405127289,36.20209819996738,16274576
2014-01-31,35.869598388671875,36.494054664836725,34.87209427660242,35.358683665318246,24077314
2014-02-03,35.00996398925781,36.234541763928206,34.91264673978418,35.520881934454934,13306884
2014-02-04,35.804718017578125,35.96691341026742,34.223310553397205,34.62880062542728,12492854
2014-02-05,36.056129455566406,36.32375269463051,35.423565725107096,35.86149495090419,10384964
2014-02-06,35.69929504394531,36.72924149285147,35.22892993185685,36.1047851708002,11304452
2014-02-07,35.756065368652344,36.299422386159506,35.36679637852938,36.04801711124457,10710105
2014-02-10,35.61819839477539,36.412957504841806,35.4560029825796,35.93447865340369,7662657
2014-02-11,35.57764434814453,35.9912449835713,35.391120442332635,35.89392774828505,5896280
2014-02-12,35.51277160644531,36.16966383994696,35.293808588816134,35.8452730061948,7248321
2014-02-13,34.580142974853516,35.780392150138155,34.46660778188079,35.68307490732701,8208354
2014-02-14,34.53959274291992,34.76666630562929,33.898918519815275,34.6450205493313,11319272
2014-02-17,34.82344055175781,34.969414837738285,34.26386556416871,34.7017947833384,7441242
2014-02-18,35.45600128173828,35.764170959820234,34.855876695095084,35.02618266488452,8310656
2014-02-19,35.08294677734375,35.98313356791496,34.782884513820015,35.30190975640656,9529110
2014-02-20,34.361175537109375,34.95318948292557,34.263858306863426,34.87209020074722,7759669
2014-02-21,34.75044631958008,34.85587411981403,34.39361645623054,34.39361645623054,5683049
2014-02-24,35.1478271484375,35.26136551771771,34.41794626473063,34.41794626473063,6048554
2014-02-25,34.78289031982422,35.49655014750573,34.54770617236657,35.374904381122626,5949166
2014-02-26,34.42605209350586,35.0018448839287,34.36117394301841,34.79099248515113,5280881
2014-02-28,35.050506591796875,35.342458281523726,34.46660321234317,34.61257746689987,8190608
2014-03-03,34.547698974609375,35.4154466515757,34.38550359301942,34.70989435619933,8411910
2014-03-04,35.593868255615234,35.780392175984524,34.466607806778136,34.7098993236748,14270762
2014-03-05,36.972530364990234,37.296921170894656,35.520879123107576,36.007465331964205,26003588
2014-03-06,37.55643844604492,37.7754014533297,37.00497087410494,37.467228585517006,15296264
2014-03-07,38.326866149902344,38.829670290435814,37.515885984062265,37.66186343170987,20065012
2014-03-10,38.55393981933594,39.08918622146889,38.15656030025101,38.27820605323987,14143923
2014-03-11,39.05674362182617,40.35430986567626,38.310641679851656,38.64314300995941,35091324
2014-03-12,38.27009201049805,39.22704635922979,38.116007192006705,38.92698410592621,8854040
2014-03-13,38.56204605102539,39.632538823291306,37.953814123649096,37.953814123649096,15656598
2014-03-14,38.71613693237305,38.926989368189034,37.515887756905585,38.26198661857133,9609103
2014-03-18,40.192115783691406,40.37053231508711,39.12162295654479,39.12162295654479,17000332
2014-03-19,39.948822021484375,41.00309365881919,39.681198829777706,40.5489465616379,13035560
2014-03-20,38.797237396240234,39.819070150837035,38.63504197333711,39.737974029692595,8594339
2014-03-21,38.91077423095703,39.64065519522317,38.78101789780875,39.31626436235246,7267671
2014-03-24,39.73796844482422,39.981263135292814,39.29193188968122,39.36491743426939,7761705
2014-03-25,39.78662872314453,40.22455471387695,39.421688277124986,39.737968512722155,7491758
2014-03-26,40.0299186706543,40.508397468570465,39.575771567306305,40.062357749464866,9863078
2014-03-27,40.759803771972656,41.359928382669665,39.754192224292105,39.91638763520832,27268210
2014-03-28,43.42791748046875,43.79285788331437,41.27882470384754,41.351813420539344,22215682
2014-03-31,42.8764533996582,44.67682691089879,42.28443627955181,44.11724886719457,17180237
2014-04-01,42.34931945800781,43.460358668340284,41.90327975258523,43.208956610423954,14527235
2014-04-02,45.04177474975586,45.41482259964593,42.414202766270456,42.82780026350935,20214371
2014-04-03,44.54706954956055,45.57701265991754,43.841520399312195,45.333721165603045,18903608
2014-04-04,44.66061782836914,45.17153580496952,44.044275210486376,44.31189845814167,12014822
2014-04-07,44.595733642578125,45.30128603491738,43.346827442393675,44.91201388499105,10942386
2014-04-09,46.23390197753906,46.58262442979192,44.60383761435421,45.09042375406511,19105586
2014-04-10,46.08793640136719,47.344953217696904,45.13098188949523,46.233913861065446,19669373
2014-04-11,45.528358459472656,46.339338639165476,45.090429289663085,45.25262468947889,11042396
2014-04-15,43.744205474853516,46.09604352127376,43.306276309108775,45.690553435191084,14616593
2014-04-16,42.27633285522461,44.31189065617076,42.00870965468958,43.64688793733993,14806985
2014-04-17,44.60384750366211,44.86336016904557,42.20334898763687,42.65749615205794,16809427
2014-04-21,45.625675201416016,46.00683359166986,44.37676586554388,44.67683132769552,13159751
2014-04-22,45.30939483642578,46.22579962782785,44.96878291123004,45.84463805808714,11273007
2014-04-23,45.406707763671875,46.21768467450158,44.8633508479559,45.19585217654943,20566495
2014-04-24,45.406707763671875,45.406707763671875,45.406707763671875,45.406707763671875,0
2014-04-25,46.5826301574707,47.312511047088,45.5283584681599,45.57701549780703,17452194
2014-04-28,47.790992736816406,48.00185155425462,45.67434170547358,46.74483148009804,21210433
2014-04-29,46.55018997192383,48.496541085086186,46.250127694180435,48.17215029309703,16346950
2014-04-30,46.33122634887695,48.38300537738341,45.41482151597585,47.012450230117395,24733030
2014-05-02,46.290679931640625,47.34495165497491,45.97439650627201,46.63129187261794,9860374
2014-05-05,49.33184814453125,50.36179126083128,46.00683150337316,46.21768710156842,55125740
2014-05-06,46.631290435791016,49.9563040890369,46.420434825375594,49.87520479868826,35688546
2014-05-07,45.92573547363281,47.09354873057298,45.658115445492406,46.71238714998422,19297468
2014-05-08,44.79848098754883,46.477205889168125,44.37676973524274,46.30690309182993,19133129
2014-05-09,46.452877044677734,46.66373266934278,44.29567330686289,44.99311516466189,18857415
2014-05-12,47.06922149658203,48.00995485484527,46.671838774651725,47.020561284295944,16430264
2014-05-13,48.9669075012207,49.79410881465537,47.27196477091608,47.68556224701961,29937363
2014-05-14,54.11661911010742,54.78973235432739,48.77226915964138,49.29129758074442,54223595
2014-05-15,54.13284683227539,57.96067116954844,53.37863421206304,54.33559188668827,50024475
2014-05-16,58.698646545410156,67.26258807864231,56.76851674700773,56.76851674700773,79070962
2014-05-19,64.12410736083984,64.99996571396397,60.207079648203006,60.82341899639271,33959551
2014-05-20,66.58949279785156,67.74918928531643,62.85087793437202,65.48655755245447,37796544
2014-05-21,65.8433837890625,67.29503506897792,64.43227897548705,67.2788139379508,21327068
2014-05-22,67.27069854736328,68.0897828320675,65.78660525218032,66.17587416473363,19816455
2014-05-23,76.07793426513672,77.91885443587843,67.39235232887029,67.6356438379398,49669565
2014-05-26,72.74481201171875,79.77600424177473,67.78973367458372,77.52958756017445,52724400
2014-05-27,69.67930603027344,73.32870998095936,67.659966421029,72.74480025986826,30641210
2014-05-28,70.15779113769531,72.29877687322926,69.06297293462409,69.09540883543903,25616616
2014-05-29,70.19023132324219,72.65560780012966,68.93321456960001,70.62004675399882,34454022
2014-05-30,67.27069854736328,71.34991792623502,66.85709794231533,70.54704840863376,22902976
2014-06-02,71.48778533935547,71.91760707600861,67.49776941343795,67.76539258801112,25637050
2014-06-03,71.20394897460938,72.66371075116555,69.92260690847795,72.01492915296893,29885202
2014-06-04,73.12596893310547,73.53956319302708,70.06857874036092,70.66059269640178,26889941
2014-06-05,74.06669616699219,74.93444383733967,72.77724368834085,73.46657166938016,22484976
2014-06-06,76.07793426513672,76.29690044003581,74.30189225422872,75.03177314266479,20260513
2014-06-09,79.99494934082031,80.77349349770647,76.54017992104765,77.0429903516644,31195245
2014-06-10,77.96752166748047,80.27069963564904,75.78598945983913,80.23826373474812,17787153
2014-06-11,76.1833724975586,79.58947939344696,75.51025913979383,77.68368088158293,19261905
2014-06-12,76.32124328613281,77.59447497343083,74.95068480302324,75.5994664961487,13497306
2014-06-13,73.05298614501953,76.92946766785582,72.37987915336655,76.5564198063394,21541681
2014-06-16,71.20394897460938,72.6474959821313,69.13595842551109,72.17712773313187,19548616
2014-06-17,73.2800521850586,73.77475210065847,69.98748099492259,70.71736184072054,19514374
2014-06-18,71.60943603515625,75.0885375453361,70.70925240088404,73.5395659790794,20435492
2014-06-19,69.86583709716797,72.63938311238338,69.59010333637568,72.2420036009421,13167256
2014-06-20,68.52771759033203,70.39296930088167,68.13033809934457,69.16027800563872,13540883
2014-06-23,70.5389633178711,71.42292599417274,67.79785269775127,68.77102524281074,16956658
2014-06-24,72.48530578613281,73.0692092920482,71.04176497286828,71.04176497286828,12969899
2014-06-25,72.14469146728516,72.72859495418007,71.72298657403066,72.66371678896952,8913434
2014-06-26,70.09290313720703,73.36925944352483,69.33869062407287,72.35553431538256,19809530
2014-06-27,70.2388916015625,71.73109573337489,69.19273041290144,70.384869060731,11314420
2014-06-30,74.99933624267578,75.42104749235025,70.23078161222699,70.23078161222699,19999629
2014-07-01,74.83714294433594,76.19958437878427,74.2045760788497,75.42104641624236,12131359
2014-07-02,74.48030090332031,76.04549356691659,74.13968899538109,75.57512534749834,11064948
2014-07-03,73.22724151611328,75.47950235412887,72.9405880342695,75.11095338391537,20824932
2014-07-04,73.45655059814453,73.95614642470623,71.85130156566416,73.38283952785895,13640039
2014-07-07,72.89144134521484,74.0380487208148,72.66211730042183,73.87424491393656,9515385
2014-07-08,69.75464630126953,73.97252677720945,68.51795264216706,72.6047862211166,15309249
2014-07-09,67.51876831054688,70.35252660216352,66.17560023467608,69.58265899625057,22044095
2014-07-10,67.81360626220703,71.6629314488613,64.04618940246887,67.66619054630556,33562102
2014-07-11,63.72677993774414,67.55153306526623,63.079768322678525,67.15841159604788,20612554
2014-07-14,64.48025512695312,65.16002996227768,62.514641687090275,63.12070545630403,17085522
2014-07-15,66.99461364746094,67.31402403556284,63.88239240535486,65.4385030264079,26421702
2014-07-16,67.95283508300781,68.22310685521092,66.68337812172885,67.76446521054127,12906763
2014-07-17,68.32958221435547,68.7145127971011,66.99460499932427,67.36315391705543,12156317
2014-07-18,67.48600769042969,67.92827412781875,66.5032040920919,67.40410578452251,14481823
2014-07-21,65.7087631225586,69.05849224410483,65.22554899768068,67.84636472794894,21733959
2014-07-22,65.83161926269531,66.2247406974652,64.75053210498677,65.85619176143693,15088431
2014-07-23,65.72515106201172,67.56790858431742,64.86519069914088,66.02817975789196,15606868
2014-07-24,66.09369659423828,66.7816622794448,65.20917020242737,65.8316156520991,11541181
2014-07-25,64.71775817871094,66.40490887820705,63.92332460631003,65.7333249310378,11556335
2014-07-28,65.38935089111328,65.88894671476375,64.71776685392034,64.71776685392034,9296767
2014-07-30,65.74972534179688,65.97904941868438,64.24275965885323,65.55316460054335,8202997
2014-07-31,65.47125244140625,66.48681932440287,65.19278982882206,65.19278982882206,12143661
2014-08-01,64.48025512695312,67.30582243919903,64.12808146090869,64.81604712848801,15516666
2014-08-04,66.38854217529297,66.8308021678278,64.61948935678875,64.6440618546672,12618958
2014-08-05,66.54415130615234,67.8136083530241,65.68419736139184,66.83080476246676,18029886
2014-08-06,64.92252349853516,66.81442611704476,64.7013966957775,66.50320657201138,7755660
2014-08-07,64.60310363769531,65.50401165566778,64.25912080989426,64.86518456855667,8137846
2014-08-08,61.95771408081055,63.96427497177769,61.66286985839037,63.96427497177769,11459009
2014-08-11,62.60472869873047,63.03061339198087,61.638300519501314,62.24436423335078,8036756
2014-08-12,62.59654235839844,63.29269884458602,62.32627059601761,62.981472921734145,10797242
2014-08-13,59.828311920166016,62.49827297082949,58.39505745797379,62.10514510247338,15554604
2014-08-14,61.43355178833008,61.99866779443746,59.164909780386566,60.44255749385459,14420542
2014-08-18,62.72758865356445,63.06338067972609,60.60636851783863,60.87664030533903,6767493
2014-08-19,62.66206741333008,63.620304903548515,62.26075515492168,63.29270371547865,10248667
2014-08-20,61.9085807800293,62.76854111635215,61.343471145963306,62.08057541696685,9899154
2014-08-21,63.54658889770508,64.37378584844924,61.92495832457034,61.998669389183924,18040352
2014-08-22,64.64407348632812,65.34022371880476,63.890587415151785,63.890587415151785,11875626
2014-08-25,63.71857833862305,65.70057344129584,63.366411097062766,65.02898943880196,10628621
2014-08-26,64.50482940673828,64.86518749081623,61.98229069728099,63.40736064117741,11508939
2014-08-27,63.77590560913086,65.25831128861425,63.39097505144187,65.0289872658865,9530956
2014-08-28,61.941341400146484,64.17722661322007,61.75297153036714,64.01342281608366,10847178
2014-09-01,64.31645965576172,64.52120477145519,62.44912329938863,62.44912329938863,8615924
2014-09-02,63.81686782836914,64.7423420197675,63.423746389059175,64.43931331936794,8757428
2014-09-03,63.93971252441406,64.63586903440441,63.21898994148316,64.20998429603593,10341618
2014-09-04,63.202606201171875,63.825051623535046,62.29351377603398,63.554779860788855,8433721
2014-09-05,63.26812744140625,64.20998320996476,62.65387284136607,62.9650987695951,6915788
2014-09-08,64.51302337646484,64.77510433187818,63.06338086462927,63.87419622950782,7447267
2014-09-09,64.70957946777344,65.11089170508833,64.07894319877195,64.69319780318536,6693212
2014-09-10,66.11827087402344,66.74890074897776,63.66125233895971,64.12808483275262,16683894
2014-09-11,66.95365142822266,67.69894652695814,66.33939680239567,66.73251822112115,15320826
2014-09-12,67.62522888183594,67.89550063395045,66.01998003271505,67.3222002267709,11019695
2014-09-15,67.82999420166016,68.66538212328526,66.2329358594531,67.2403120109629,12648619
2014-09-16,64.14447021484375,68.32139682712956,63.587544953423546,67.80542573150959,12516167
2014-09-17,64.10350799560547,65.16002244771434,63.10432293848635,65.01260033249417,10294659
2014-09-18,65.87256622314453,66.07731777101907,63.47288347836831,63.71858276614471,11009892
2014-09-19,64.7341537475586,66.5032067186176,64.57035635345787,66.38035706699631,8521949
2014-09-22,64.50482940673828,65.19278866915178,63.88238395580955,64.11170799273562,7221745
2014-09-23,61.736595153808594,64.8651914142879,61.27795347639716,64.53759021613688,10016971
2014-09-24,58.77178955078125,62.21161137377198,57.36310134793918,61.933148781182666,20378663
2014-09-25,55.95441818237305,58.640754365637704,55.52853342311021,58.57523412761131,19457792
2014-09-26,58.87007522583008,59.29595353786946,54.897900571086126,55.51215517841959,19354220
2014-09-29,58.36228561401367,59.42699097608601,57.166539789661094,59.13215314804644,11736368
2014-09-30,57.47776412963867,58.96835433194031,56.838943428185075,57.85451030860836,10846052
2014-10-01,58.0101203918457,58.60799339089714,56.73247248687129,57.174738929467914,7518032
2014-10-07,57.027313232421875,58.788175211737084,56.51134217235723,57.44500714970393,8110051
2014-10-08,58.36228561401367,58.64074820240463,56.35572452023396,56.478574150598945,8374697
2014-10-09,60.467132568359375,60.91758337157196,58.96835160281692,58.96835160281692,9792292
2014-10-10,60.17229080200195,61.04862637229514,59.29595523170876,59.86926211793655,8860152
2014-10-13,61.531837463378906,62.11332872906318,59.3532816827841,59.57441487854379,9592612
2014-10-14,62.1542854309082,62.817678621126625,60.60636584567111,62.506452683070926,11575761
2014-10-15,62.1542854309082,62.1542854309082,62.1542854309082,62.1542854309082,0
2014-10-16,60.87663650512695,62.604735101009176,60.03305786386404,61.67107015232483,9193755
2014-10-17,62.85042953491211,63.50563183017077,60.28694332750816,61.097758576958896,11992009
2014-10-20,63.36640167236328,64.92250538761932,63.079748283055615,63.98064975776372,8161780
2014-10-21,63.997047424316406,64.95528495586873,63.2763247794741,63.88238860959174,9811024
2014-10-22,63.046993255615234,64.84061845839669,62.727582924337916,64.65224216829121,7417498
2014-10-27,63.620296478271484,64.61948157560748,63.014232754558016,63.816857165082745,6592272
2014-10-28,63.17803955078125,64.29189003325281,62.58016656941216,64.03799991122449,8085109
2014-10-29,63.620296478271484,63.882377394019834,62.653868283313194,63.554776249334395,6506733
2014-10-30,63.415557861328125,63.833251814847465,62.57197912098323,63.28451737679457,8313982
2014-10-31,65.8889389038086,66.11007208716201,63.816857633355255,63.87418703107316,15632164
2014-11-03,66.99461364746094,67.64981609079385,66.1756073812032,66.47044526861143,10887583
2014-11-05,67.2075424194336,68.22310930983262,66.76528242363551,67.21573325212017,9295713
2014-11-07,66.18379974365234,66.66701396584159,65.20918046552008,65.68420385395555,13234752
2014-11-10,64.7341537475586,66.5032067186176,64.02981274697778,66.25750741537502,8087484
2014-11-11,66.53595733642578,66.78166304061855,63.96428645632768,65.17641403962834,9243731
2014-11-12,67.0928955078125,67.8136182460307,66.41312051610602,66.55235184810294,11846947
2014-11-13,66.0609359741211,68.14120835581794,65.55315573394346,67.73171168506514,8983459
2014-11-14,65.97084045410156,66.77346486634848,64.93889202799194,66.01178818820696,11042782
2014-11-17,67.33040618896484,67.797238736234,65.19279776285535,65.52040541107102,11113357
2014-11-18,68.05111694335938,69.08305901197811,67.37134211367892,67.55152114924144,13647339
2014-11-19,66.21654510498047,68.43604866707655,65.85618702776821,68.19854022637675,8836639
2014-11-20,64.3573989868164,66.26567640802395,63.90694822760661,66.04454965622327,12593491
2014-11-21,64.88976287841797,65.84800038284286,63.47288370389562,64.48845061405987,12236124
2014-11-24,65.89714050292969,66.2575050357014,64.88157356892104,65.45488048814045,7988127
2014-11-25,63.19441223144531,66.00359768843492,62.99785154322393,65.89712972471649,9634492
2014-11-26,62.629295349121094,63.784086848517184,62.40816219162396,63.06336440919216,10463476
2014-11-27,62.71120071411133,63.27631673114336,62.28532241751029,62.490073945865745,8386361
2014-11-28,67.53514099121094,67.96921009622629,63.31726102145904,63.32545185304936,23141031
2014-12-01,66.44586944580078,68.06750007332585,66.04455720510109,67.87912377733844,10403943
2014-12-02,67.94464111328125,68.55070486465534,64.86518378851065,66.01179105933144,21181209
2014-12-03,68.20672607421875,70.0576741673297,67.72351197162465,68.20672607421875,18728792
2014-12-04,68.99298095703125,69.35334549543373,67.092887539572,68.46881902785157,13580635
2014-12-05,68.77183532714844,70.58183567742405,68.3050028901699,69.12400896884992,17251660
2014-12-08,68.01836395263672,69.50076347174291,67.53515617363227,69.04212176885044,10712773
2014-12-09,65.41393280029297,68.20674375140902,65.02081132062357,67.80543143789025,10650561
2014-12-10,67.87093353271484,68.26405490724564,64.32463748191559,65.42210613728365,11260603
2014-12-11,69.30419158935547,70.27061984021084,66.6014739591515,68.30500643422776,24892649
2014-12-12,68.30500030517578,70.5818330062635,67.53513924576269,69.94301240054546,23074029
2014-12-15,69.0339126586914,69.60721945366136,67.1583921765071,67.81359443574586,12749168
2014-12-16,66.72433471679688,69.4434277785814,66.33939770125289,68.51795362310274,14433990
2014-12-17,66.7489013671875,67.64980945655799,63.882386140580124,66.32302303287744,16309527
2014-12-18,71.34352111816406,71.62198373304,68.14120747127332,68.14120747127332,23883520
2014-12-19,70.15596771240234,72.83411310101766,69.84474175920936,72.72763869759487,17759055
2014-12-22,71.7939682006836,71.99052890254208,70.04948795657572,70.41804328767422,10343659
2014-12-23,70.95858764648438,72.62116601138068,70.76202694234708,72.49831637431764,13343017
2014-12-24,72.24443054199219,72.89144857675083,70.46719310921179,71.056875308947,16586172
2014-12-26,73.42379760742188,73.5875949979838,71.78578515670537,72.5474619741578,11960718
2014-12-29,72.53926086425781,74.3328796182761,72.40002956870471,73.98071238757771,8958090
2014-12-30,73.50569915771484,73.69406904682828,71.76121873281664,72.71125901149958,8413534
2014-12-31,73.49750518798828,73.92338352255177,73.26818114308288,73.69406590182895,5763936
2015-01-01,73.58759307861328,74.11994582637432,73.30094604656074,73.54664533808655,4227841
2015-01-02,73.48931121826172,74.61134604822989,73.26817801556179,74.15270440217922,7982261
2015-01-05,73.77596282958984,74.22641363207185,72.97333836282672,73.57940212900594,7424057
2015-01-06,71.73664093017578,73.18627695247116,71.44998748904784,72.9078207680358,9577915
2015-01-07,71.61378479003906,72.03966307263377,70.51631612021293,71.2534203132142,7526159
2015-01-08,74.02985382080078,74.27555309343668,71.85129799959748,72.40003237105438,8119699
2015-01-09,72.19527435302734,74.76695134919741,71.58101980241233,74.76695134919741,9716623
2015-01-12,72.88324737548828,73.31732294810479,71.1879056712527,71.87587135183848,6675965
2015-01-13,72.8423080444336,73.39922689492226,72.12157895102916,73.01429627233826,7931555
2015-01-14,71.8431167602539,73.14533721230613,71.35171814936731,73.05524446902483,4865652
2015-01-15,74.97990417480469,76.68343035206674,74.02985751770188,76.23297952167891,11638589
2015-01-16,74.51307678222656,75.3320765960645,73.90701293699306,74.99628455241056,6183231
2015-01-19,76.0773696899414,76.41316172446408,74.34108011009485,74.94714393884753,11235024
2015-01-20,77.01922607421875,77.3959722765871,75.85624340720288,76.16746294465253,8350835
2015-01-21,76.97008514404297,77.86280241186176,76.27392859241601,77.16664586023482,11087952
2015-01-22,76.24935913085938,77.4451050406214,75.47130070933638,77.36320313980072,8317123
2015-01-23,76.82266235351562,77.47787115948339,75.52044842274042,77.26492877935756,6803816
2015-01-27,76.91275787353516,77.55976944594039,75.34845650925156,77.55976944594039,8957864
2015-01-28,77.98564910888672,78.40334302407558,76.00365393196942,76.1674577346961,10299435
2015-01-29,77.10931396484375,78.08393310565526,76.18383981963049,77.9037476368265,8491548
2015-01-30,72.58840942382812,77.80547546083662,72.3509009600045,77.23216853571833,11823064
2015-02-02,74.4885025024414,74.75877429756271,71.81854788357415,72.54746136225647,7409982
2015-02-03,71.97415924072266,75.59416722471404,71.45818811532139,74.73420678346761,10121309
2015-02-04,74.21821594238281,75.25016434323685,68.83735360968235,72.0724236744682,44482370
2015-02-05,70.36071014404297,74.69324261096452,69.82016663663396,74.69324261096452,15576862
2015-02-06,67.93645477294922,70.53269790433491,67.64980135735259,70.34432804592464,18638812
2015-02-09,65.75790405273438,68.46881260933142,65.39753954811381,67.30582361984973,10208133
2015-02-10,65.21735382080078,67.71531975145469,64.25092563542833,65.01260230438056,16514687
2015-02-11,66.1428451538086,66.83081094291246,65.29108196322204,65.32383887384526,9062958
2015-02-12,65.5040283203125,66.81443330799475,64.88158273907159,66.33940989391401,9547076
2015-02-13,68.2313003540039,68.51795380219286,65.54496419177767,65.94627644956921,17745977
2015-02-16,67.23211669921875,69.09944672413643,66.92089716979336,68.6162325520997,9553178
2015-02-18,67.10926055908203,67.80541704669047,66.6014739374788,67.3877231541254,6436723
2015-02-19,66.48683166503906,67.73172282010557,65.19280192927309,67.24850857470717,9744973
2015-02-20,67.4532470703125,68.41966894944564,65.88075497533082,66.79804470747946,11723779
2015-02-23,65.97084045410156,67.97740148471885,65.6841870428186,67.8463610265635,8186732
2015-02-24,66.38854217529297,67.07650144988243,64.86518863884338,66.17559979956047,10480666
2015-02-25,65.76609802246094,67.14202302321091,65.52039873551551,66.55234088003235,8312363
2015-02-26,64.46387481689453,65.9462741541476,64.24274803809821,65.90532641619555,12464273
2015-02-27,66.83899688720703,67.32221107097197,64.97985765006933,65.11908254026255,9827587
2015-03-02,68.78821563720703,69.72188049279546,67.69893783096,68.69812291458653,10554417
2015-03-03,70.26243591308594,70.90944747182392,68.30501314685219,68.81279339434033,10184646
2015-03-04,68.56710052490234,74.05443873542372,67.9937999845583,73.54665201619808,17957933
2015-03-05,69.5580825805664,69.83654517927302,68.01835387964347,68.5752790770567,9197754
2015-03-09,67.03556060791016,69.12402399279414,66.53596473559121,69.12402399279414,6793689
2015-03-10,66.51139831542969,68.14121356272796,66.24112650908721,67.10927133791712,7929719
2015-03-11,66.69976043701172,67.41229219604976,66.06912415432667,66.17559855227731,6560040
2015-03-12,66.86355590820312,67.77264826076161,66.6669952259153,67.28943417440264,6681311
2015-03-13,65.20915985107422,67.81359361828926,64.92250645704469,67.64979626754474,7523193
2015-03-16,65.21735382080078,65.96264882663581,64.52938821169435,65.5203888917426,6843075
2015-03-17,65.28287506103516,66.00359758336627,64.42292124841282,65.84799105388562,7543195
2015-03-18,65.65962982177734,66.65882157787381,65.13546786722391,65.60230041102096,8967996
2015-03-19,64.06256866455078,66.50320568926696,63.7185857908256,66.33940187351863,7619764
2015-03-20,62.44093322753906,63.79229212234506,62.17066144857787,63.71858105315724,9457492
2015-03-23,62.55559539794922,63.210797731791835,61.76934617315596,63.01423703163905,6861817
2015-03-24,61.499080657958984,62.85863045699855,61.35985576902649,62.391797943665814,7205958
2015-03-25,60.92578125,61.94953903404858,60.639127785629825,61.62193782798961,5298627
2015-03-26,59.52527618408203,61.25337473734912,59.304142988789266,60.67188347289266,8413118
2015-03-27,59.48433303833008,60.41800456106399,56.757048821425094,59.8283159310882,12757696
2015-03-30,61.105953216552734,61.37622498321191,58.98473324439867,60.098577215748726,9186825
2015-03-31,60.24600601196289,61.74478714272271,59.95116814019861,61.507272254502446,7546325
2015-04-01,62.408180236816406,62.86682192172941,59.81193025970818,60.03306348114551,7775651
2015-04-06,63.071571350097656,63.538403852379105,61.52365170059967,62.899583133123485,9591332
2015-04-07,62.81767654418945,63.554780778303794,61.72020781315041,63.538399113856734,9805256
2015-04-08,62.19523239135742,63.41555078247066,61.949533116329306,63.030620205144665,7001446
2015-04-09,63.84962844848633,64.02981393678324,61.92496888089495,62.940535870249555,9983989
2015-04-10,64.33283996582031,65.08632594890318,63.5547879074933,63.96429101951263,9503747
2015-04-13,65.47125244140625,65.70876731503849,64.29188817841934,64.81605007308019,7834794
2015-04-15,66.306640625,67.39591858313756,65.31564623471522,65.76609706226603,15257144
2015-04-16,65.4384994506836,66.4213030619801,64.57035465465931,66.33121032187601,9723809
2015-04-17,65.97904205322266,66.62605361793115,64.87338238593958,65.52040037483081,8011105
2015-04-20,63.81686782836914,66.98641826605696,63.2271856694042,65.76609978308474,10339300
2015-04-21,64.13626861572266,64.66862128830161,63.39097358927576,64.01341898730932,7466724
2015-04-22,63.72677993774414,64.79967635655458,62.35904562911156,64.4311273882311,7488376
2015-04-23,63.55477523803711,64.63586221038739,63.16984470217953,64.0134168332987,6187889
2015-04-24,61.61373519897461,63.70219810892802,60.86844018880729,63.53839432516705,10160948
2015-04-27,62.60472869873047,63.47287332406277,61.11413869653563,62.00685581638754,9354464
2015-04-28,62.99785232543945,64.02980076955124,61.99047637672859,62.40817025345349,8467737
2015-04-29,62.89957809448242,63.80047969554006,62.57197050408099,62.89957809448242,5243432
2015-04-30,61.97410202026367,63.61211439309398,61.75297523231033,62.801299039444885,9705935
2015-05-04,63.54658889770508,63.71038626692701,61.84305642786836,62.408172448511806,5176014
2015-05-05,63.104331970214844,64.08713550537615,62.899580430700105,63.54659195499185,5561567
2015-05-06,60.18867111206055,63.38278738050686,59.95116266969561,62.71939419934285,7447714
2015-05-07,58.214866638183594,60.3934224717117,57.576045956043345,59.68089072252724,6546166
2015-05-08,56.167362213134766,59.45976230097461,55.38930374253932,58.968357289239734,12522202
2015-05-11,59.386043548583984,59.59079507498113,55.93803092766332,56.80617560081629,13380106
2015-05-12,57.06007385253906,59.40243370514303,56.62600466599556,59.40243370514303,11004238
2015-05-13,58.648948669433594,58.9683590456931,57.191121681022175,57.65795420761158,8456582
2015-05-14,60.62274169921875,60.93396118325785,57.65794328450203,58.47694294105469,8786205
2015-05-15,59.189483642578125,61.04862264465064,58.804553080529516,60.7701600511067,12156373
2015-05-18,57.9364013671875,59.67269714268916,57.567852473117554,59.361471224124905,12689486
2015-05-19,57.666141510009766,58.55885234222405,57.39586972568116,57.821748059889906,11608712
2015-05-20,57.60879898071289,58.2476260440034,57.3303363960105,57.985545122914516,6409082
2015-05-21,57.977359771728516,58.313151786638905,57.002740633139055,57.65794942198019,8095220
2015-05-22,57.85450744628906,59.32871591044281,57.6743219862337,58.10020671558731,13108026
2015-05-25,55.74147415161133,58.93559690310365,54.75047977779378,58.32953311326622,32558422
2015-05-26,55.086273193359375,55.364735809858985,54.33278724709852,54.60305903085608,15986041
2015-05-27,55.92165756225586,56.282022100962166,54.5457324969991,54.734102387434014,12517174
2015-05-28,55.93803024291992,56.80617490544584,55.29101876799967,56.10183403170527,14558819
2015-05-29,56.24106979370117,56.83075191665586,55.47120220392912,56.08545682440864,6802655
2015-06-01,56.14278793334961,56.79799031209259,55.946227219726715,56.093649360989524,5118388
2015-06-02,53.37455368041992,56.44582369943967,53.12885117951277,56.3557309622553,15451232
2015-06-03,53.00600051879883,53.80862503266963,51.8430114872826,52.87496004405186,14139790
2015-06-04,52.03137969970703,53.513778946388456,51.34341405970619,53.23531635761755,13533722
2015-06-05,50.66364288330078,52.17061473378418,50.303281585707055,51.597311063384936,12079044
2015-06-08,48.41957473754883,50.76193143206122,48.28853425283366,50.76193143206122,14313300
2015-06-09,47.969120025634766,49.058394770456204,47.51866598649924,48.32129049702805,13562550
2015-06-10,47.92817306518555,48.64889894539572,47.61695030699764,48.157493914132395,7703123
2015-06-11,48.02644348144531,48.77992611477548,46.560425948832616,48.32128451187886,31176292
2015-06-12,48.272151947021484,48.81269550939144,47.354865415107135,47.371243868344074,11695146
2015-06-15,48.010066986083984,48.42776089989464,47.616945569855964,48.12472900519609,5699601
2015-06-16,49.32047653198242,49.69721627094088,47.50228522273955,47.9773085246597,11952467
2015-06-17,49.41875457763672,49.90196872068623,48.9519220994118,49.58255837751808,7107737
2015-06-18,49.27133560180664,50.09034175197016,49.16486441683444,49.418754524614094,7294355
2015-06-19,49.54160690307617,49.877398907514056,49.15667311677589,49.4351357191169,7172493
2015-06-22,50.69640350341797,51.35160582765595,49.63169490839473,49.79549548945422,9993967
2015-06-23,51.21237564086914,51.96586154216723,50.8847744716487,51.08133517318096,10711955
2015-06-24,50.319664001464844,51.695592188532586,49.95929948640357,51.597311833177116,14882644
2015-06-25,49.8193473815918,50.6164567002422,49.69215018285723,50.04830633023171,14034095
2015-06-26,49.191837310791016,49.89566893223742,48.759364823156815,49.69215207620193,11046827
2015-06-29,48.23360824584961,48.41168631511177,47.08882350839115,47.962252454884286,11554387
2015-06-30,47.122745513916016,48.16577188579873,46.554591801735,47.504340446903235,16818130
2015-07-01,48.733924865722656,48.86112206621889,46.98706690513462,47.31778095673076,12364345
2015-07-02,48.34384536743164,49.36142954145512,48.13184783306895,48.99679604387117,9233306
2015-07-03,48.71696472167969,48.92048157802838,47.71633851508286,48.34385048504043,9457451
2015-07-06,49.78542709350586,50.03134411260248,47.504338299082235,47.65697426991706,10803802
2015-07-07,49.44623565673828,50.31118396849495,48.89504333336741,50.0313474565356,8434791
2015-07-08,48.165771484375,49.01375836963215,47.85201550538864,48.59824396441494,10160681
2015-07-09,48.75936508178711,49.352957577921615,48.18273066086307,48.49648664702324,7864984
2015-07-10,49.68367004394531,49.81086724411664,48.89504141650643,49.18335861771056,8567083
2015-07-13,50.5062141418457,50.64189535723904,49.480149270086734,50.11614187204515,6926707
2015-07-14,50.75213623046875,51.37117082109487,49.87871055996114,50.54014200101841,10106900
2015-07-15,50.2009391784668,51.32028510009697,50.07374198765048,50.90477072928147,8206411
2015-07-16,50.56557846069336,50.81149548045021,50.2179030181852,50.31118074093273,4734912
2015-07-17,50.438377380371094,51.184609131396385,50.24334123702823,50.62493614956858,5730332
2015-07-20,48.928958892822266,50.73517502514103,48.70848065081817,50.438377135845926,7008432
2015-07-21,47.89441680908203,49.641274822500264,47.72481942803631,49.149440754585235,8560267
2015-07-22,48.25904846191406,48.38624566128887,47.487377913973454,47.487377913973454,5769390
2015-07-23,48.2760124206543,48.82720474817556,47.92833695322412,48.504968056815535,5085411
2015-07-24,47.36017990112305,48.488006578858865,47.21602130389985,48.25056693298259,5828332
2015-07-27,45.41828918457031,47.334744612380895,45.28261127737292,47.31778321109874,7087391
2015-07-28,44.18022537231445,45.723563186034134,44.095425019825576,45.12997069590661,13110196
2015-07-29,43.450958251953125,44.629662620597465,43.07784066381318,44.43462312548678,10506620
2015-07-30,44.621177673339844,44.807733123891815,43.45095411709641,43.9258267694748,16874794
2015-07-31,46.91075134277344,48.28449187030081,44.807737046601794,45.096054273669054,23362739
2015-08-03,49.43775177001953,49.81934668666513,46.63939015654007,46.80898752774203,22720286
2015-08-04,52.422672271728516,52.74490894061394,49.28511590884104,49.85326627219475,43878239
2015-08-05,51.48988723754883,53.25370662793293,50.99805317633201,52.81275011745448,41793137
2015-08-06,52.829715728759766,53.34698860657262,50.09918939907402,50.709743336949856,29877450
2015-08-07,52.34635925292969,53.42330512476634,52.075000115507954,52.9145096521449,13003549
2015-08-10,52.4650764465332,53.33002477042884,51.998684470565394,52.07500079927224,11445880
2015-08-11,52.71947479248047,54.101695986476244,51.4220506288336,52.49051915219691,16524583
2015-08-12,49.68367004394531,52.22763732772548,49.35295599319393,52.06652065245748,17118437
2015-08-13,48.92048263549805,51.51533092444653,48.335370829406514,50.35358468713757,13654793
2015-08-14,51.837562561035156,51.99868256474037,48.8441613511328,49.40383436239334,18569789
2015-08-17,58.799556732177734,59.2744293995326,52.49051752278141,52.49051752278141,61164578
2015-08-18,59.51185989379883,61.131520635919095,57.40884580423831,58.46035284901857,48540562
2015-08-19,58.01091766357422,59.34226110049828,57.069646492857395,59.13874426792985,18611906
2015-08-20,55.348236083984375,59.528822228283474,54.9496830801893,57.39189195614546,24231217
2015-08-21,55.57719802856445,56.27254897333233,52.66011634083241,53.27066692980493,21155923
2015-08-24,48.14881134033203,53.56746015015436,45.961000130625806,52.55835656180487,25684004
2015-08-25,48.79328536987305,49.74303071887971,45.129971903552494,49.352958399134444,27159394
2015-08-26,47.24993896484375,49.25119452336647,46.68178529777214,48.649121383294975,18742585
2015-08-27,48.928958892822266,49.22575345635271,46.99554556552826,48.67456117710713,26615496
2015-08-28,47.572174072265625,50.845411424589294,47.309295670752405,49.73454622568942,26894413
2015-08-31,48.5304069519043,49.1833610368374,47.02946927361032,47.48738054705579,17855415
2015-09-01,45.47764587402344,48.14881040022711,45.20629006895776,48.030093898393304,23859786
2015-09-02,44.20566177368164,46.215394766627306,43.841024933633186,45.96099704858803,22070430
2015-09-03,45.138450622558594,45.92707925382128,44.16326321447723,44.74837499417308,15300916
2015-09-04,43.52727508544922,44.841657382825815,42.50121002065709,44.841657382825815,17354800
2015-09-07,42.84040069580078,44.3498223456282,42.662322617815846,43.68839090986908,11013275
2015-09-08,44.214141845703125,44.92645416937081,42.78952052413265,43.23047703907546,17343255
2015-09-09,44.96036911010742,45.58788101736619,44.18869861256426,45.19780541879042,15740163
2015-09-10,43.66294860839844,44.09542441377092,43.04391735133826,44.09542441377092,18593015
2015-09-11,43.99366760253906,44.90101609648738,43.55271108069487,44.205665162864555,13741021
2015-09-14,45.30805206298828,45.48613015552404,43.82407239287713,44.34982596946719,13579427
2015-09-15,44.265018463134766,45.60484262843097,44.2310989903082,45.43524193853358,13217222
2015-09-16,45.4267692565918,46.00340035420124,44.629659899955115,45.079093792768404,17289962
2015-09-18,46.9870719909668,47.826581586945146,45.961003598404865,46.11364291613371,20106054
2015-09-21,48.19968795776367,48.41168549731532,46.16451290837369,46.46979149381742,15536067
2015-09-22,46.52067184448242,49.183358973230476,46.13059621516862,48.67456351733776,17724022
2015-09-23,47.24993896484375,47.92833175060615,45.36740322470293,45.53700058970239,16891887
2015-09-24,47.20754623413086,47.877458425809664,46.68179265686846,47.19058815783987,15023480
2015-09-28,47.190582275390625,48.42016736940741,47.01250420482511,47.487376842490015,11295050
2015-09-29,47.75873565673828,48.496483382680424,45.83379969267296,46.58850881844878,27431813
2015-09-30,47.45345687866211,48.53888336503094,46.98706494578117,48.216646701344246,10400678
2015-10-01,47.3516960144043,48.04704685367439,46.995543221087885,48.04704685367439,7859232
2015-10-05,49.16639709472656,49.34447516998142,47.71633704363459,48.05553179375585,13418177
2015-10-06,50.311180114746094,50.8623723958966,48.928959061920715,49.57342906465779,20279096
2015-10-07,50.83693313598633,51.532284005700866,50.200940513462655,50.285740860104994,14220014
2015-10-08,50.557098388671875,51.78668350272911,50.21790364195427,50.70973768757717,13049593
2015-10-09,50.63341522216797,51.523802214224354,50.294220494314544,51.13372994007519,9358052
2015-10-12,50.2009391784668,51.28636562749498,49.590388671631004,49.955022170661245,10094491
2015-10-13,50.45533752441406,50.77757418109338,49.80238683712107,50.28574015925774,7429496
2015-10-14,49.802391052246094,50.77757847875534,49.607351571485324,50.62493917431342,8447046
2015-10-15,51.17613220214844,51.43901063837584,50.03134738017954,50.07374755708911,10088517
2015-10-16,51.04893493652344,51.51533023044466,50.294225756642554,51.21853231819527,9874649
2015-10-19,50.616455078125,51.3372480498941,50.3705413886563,51.184608755692494,5796254
2015-10-20,50.98957824707031,51.684929196117885,50.548621715444526,50.548621715444526,7525665
2015-10-21,49.87871551513672,51.21005590413991,49.62431775845249,50.96413884869036,7251236
2015-10-23,50.18398666381836,50.77757916298638,50.03134735731962,50.37054544667628,6015155
2015-10-26,49.44623565673828,50.50622012650575,49.276638274606086,50.50622012650575,6030783
2015-10-27,49.23423767089844,49.89566911836357,48.92896238570643,49.497112779483665,8109346
2015-10-28,48.284488677978516,49.09855942526651,47.91137444311375,49.09855942526651,7864691
2015-10-29,47.60609817504883,48.52192733107825,47.487378348983974,48.45408838068828,6780087
2015-10-30,46.96162033081055,48.504961293278406,46.656345083241526,47.9622497420446,9970654
2015-11-02,47.1312255859375,47.28386489817421,46.35955830119927,46.94467012183157,8258654
2015-11-03,47.48737716674805,47.95377243339143,47.216021371943775,47.453457692397514,7230957
2015-11-04,46.37651443481445,48.16577262517378,46.13059740082417,47.894416815464474,26935060
2015-11-05,45.78292465209961,46.53763719979737,45.55396900552664,46.13060013534029,10753892
2015-11-06,46.63091278076172,47.088827378533175,45.54548620192659,45.78292253853569,12748042
2015-11-09,47.004024505615234,47.402580829321735,45.3334862124851,45.60484533697866,7693459
2015-11-10,46.3341178894043,47.78417800142398,46.09667822857805,46.715712830765526,9328150
2015-11-13,47.03794860839844,47.249946178454394,45.88468302456945,46.31715886566723,7036072
2015-11-16,47.77569580078125,47.91137370227048,46.74963083932774,46.94466699127731,5768598
2015-11-17,46.79202651977539,48.19120900112019,46.57155159824799,48.08096987747413,9844011
2015-11-18,45.7320442199707,47.36018239805366,45.486127186877276,46.91922920888418,6822487
2015-11-19,45.67267990112305,46.28323375986053,45.409804808645376,46.23235288589712,9253545
2015-11-20,45.570926666259766,46.21539669961267,45.028211733460914,45.56244596595865,10984164
2015-11-23,45.494606018066406,46.02883691309166,45.31652794446973,45.791400590217684,5543400
2015-11-24,44.73141860961914,45.70660272878341,44.4515820966998,45.452208317594874,7893257
2015-11-26,44.49397659301758,45.104530464236696,44.358298694027724,44.99429133986625,6534193
2015-11-27,45.94403839111328,46.07971628547429,44.663575768757745,44.90949278372824,10691537
2015-11-30,46.0627555847168,46.62242857033033,45.91859698832971,45.944039088231925,7296818
2015-12-01,45.842281341552734,46.4867513590446,45.562444844621666,46.38499293523009,5232401
2015-12-02,44.79925537109375,45.83380101792092,44.646616071235904,45.715081192946506,6712926
2015-12-03,44.036067962646484,44.88405827151363,43.942790225946574,44.4346243390283,8139619
2015-12-04,42.91672134399414,43.85798930619696,42.840401690832984,43.75623087723706,10916113
2015-12-07,42.89128112792969,43.433996098671834,42.50968949687896,43.3831152190727,6664039
2015-12-08,42.40792465209961,43.32375381212819,42.297688851558135,42.73864203101847,8201656
2015-12-09,42.00088882446289,42.908237238339936,41.738013735285726,42.38248373422097,6617764
2015-12-10,41.678653717041016,42.54360531547555,41.305539493211164,42.36552391507807,6870094
2015-12-11,41.03418731689453,42.38248905727868,40.822189748651326,41.8058579331774,10639756
2015-12-14,41.05962371826172,41.36489900159405,40.4745119271002,40.686509483077764,6997868
2015-12-15,40.5593147277832,41.271623765217214,40.279478203064286,41.195304108336586,9328289
2015-12-16,40.76283264160156,41.22922464425739,40.618674025075705,40.73739053814512,7136098
2015-12-17,41.16986083984375,41.37337768547923,40.72042697429089,41.16138013983443,6835374
2015-12-18,41.14442443847656,42.000892044694886,40.92394618010694,41.20378269043573,10441921
2015-12-21,41.24618148803711,41.55145676388895,41.042664637469215,41.55145676388895,5456375
2015-12-22,40.644107818603516,41.822812058192646,40.49994921975575,41.28858116336239,6967394
2015-12-23,40.84762954711914,41.127466078136955,40.75435181203492,40.87307165049541,4612648
2015-12-24,40.779788970947266,41.20378410120678,40.56779140581751,41.20378410120678,4105660
2015-12-28,40.856109619140625,41.195304401283174,40.71195100528877,40.84762891814579,3874504
2015-12-29,40.80522918701172,41.21226289687771,40.53387005466953,41.042665517766885,4775825
2015-12-30,40.17771530151367,41.246183815946004,40.058998794864515,40.89002764446856,7689624
2015-12-31,39.50780487060547,40.160755608169175,39.38060766838645,40.160755608169175,22710472
2016-01-01,40.415157318115234,40.635632268621045,39.41453102523914,39.499328059813635,7964233
2016-01-04,39.57564163208008,40.46602864987572,39.19404672077271,40.058994964685105,8275906
2016-01-05,39.10924530029297,39.948754747285435,38.85485091691191,39.83851562913018,8227991
2016-01-06,38.58348846435547,39.431478537500794,38.4986914524995,39.177080850404344,10050950
2016-01-07,37.091033935546875,38.159502383533386,36.99775621101399,38.159502383533386,9333105
2016-01-08,37.26063537597656,37.65071104277065,37.09103798297156,37.31151625676063,6200899
2016-01-11,36.514404296875,37.33695242695027,36.158248133553066,36.97231888889393,8186763
2016-01-12,35.27634048461914,36.955359644761344,35.08130431634135,36.63312293886469,9640851
2016-01-13,33.800838470458984,35.768171355054534,33.42772424378418,35.4968155538365,18678569
2016-01-14,32.49493408203125,33.309001412227914,32.15573603535148,33.105484579678745,14296238
2016-01-15,30.47671890258789,32.88500820887958,30.18840503637897,32.77476908690352,15953517
2016-01-18,30.06121063232422,31.172072677910037,29.136900722477133,30.61240296763386,21930509
2016-01-19,30.290164947509766,31.02791603783548,29.95944756532313,30.527601277257563,11363512
2016-01-20,29.060579299926758,29.705052652555676,28.38218979796452,29.679610551908496,15974958
2016-01-21,29.66265296936035,30.14600632896872,28.89946310410873,29.679611044308356,14153706
2016-01-22,31.587587356567383,31.918301395265548,30.018807533315993,30.018807533315993,20006928
2016-01-25,31.248388290405273,32.18117878031014,31.070310226905782,32.0539782630879,11115464
2016-01-27,32.24901580810547,33.07156380537789,31.036392234257644,31.358625543556812,22684646
2016-01-28,32.537330627441406,32.893486743996704,31.723263304760124,32.05397732315828,13340611
2016-01-29,32.9019660949707,33.42771954887113,31.078788741513343,32.36773194203212,23762654
2016-02-01,31.799585342407227,33.071570751562554,31.553671622099532,33.071570751562554,11923526
2016-02-02,31.485830307006836,32.76629299535932,31.375591180715464,31.825025060391965,17714517
2016-02-03,30.603919982910156,31.146631576985317,30.23928313631735,31.03639577876236,12494021
2016-02-04,30.815916061401367,31.30775008296239,30.205362221414916,30.90071308104989,11741457
2016-02-05,32.7238883972168,32.95284399336794,30.807433310946312,30.86679155332543,19656922
2016-02-08,33.35988235473633,35.21697595005051,32.80020940114452,32.84260624702642,26893308
2016-02-09,32.27445983886719,33.83475907365577,32.020062103861314,32.817171459397166,23382509
2016-02-10,31.112712860107422,32.46101782956424,30.27320334825255,32.19813940045811,28714062
2016-02-11,29.255619049072266,31.545188628207825,28.831623943506834,31.002473695808735,25708242
2016-02-12,29.55241584777832,30.239286107970496,27.339165753485723,29.55241584777832,45627246
2016-02-15,30.425840377807617,31.401027718637042,29.84920933813451,30.01880670274425,26528584
2016-02-16,28.916419982910156,30.951595089904696,28.687464363111506,30.858317367137055,21166584
2016-02-17,29.179296493530273,29.38281332576068,27.55963754649099,28.49242302754703,24445487
2016-02-18,29.247140884399414,30.00185010924698,28.51787043687708,29.65417462466348,15224826
2016-02-19,29.026660919189453,29.806812201624016,28.848582836769282,29.16233882469722,22986110
2016-02-22,28.45850944519043,29.348896497857385,28.331308919263158,29.17929912238581,14902784
2016-02-23,27.585079193115234,28.526345471690725,27.474840066063702,28.322828618256285,15046468
2016-02-24,27.70379638671875,28.441547448887196,27.05084567339185,27.28828199407757,16728427
2016-02-25,27.228923797607422,28.15323030777772,27.135644411432107,27.822516263343346,16903407
2016-02-26,27.34764289855957,27.81403651970891,26.966047966448073,27.678358617248364,18472283
2016-02-29,26.87276840209961,28.1532310925577,26.457253997078343,27.56812097344739,35472528
2016-03-01,27.98363494873047,28.136274257613483,27.016928194511273,27.016928194511273,16351325
2016-03-02,30.052724838256836,30.3664807802632,29.365854710713418,29.67960732695535,30275330
2016-03-03,30.264724731445312,30.612400172037624,29.476092802262475,30.391921927742363,18311882
2016-03-04,31.25687026977539,31.49430658890777,29.78136815509141,30.476719038290014,24419809
2016-03-08,30.44280242919922,31.663906939709694,30.298647144768307,31.104233900485518,20848985
2016-03-09,30.553037643432617,30.65479606244362,29.755928364964156,30.103603794692887,23669132
2016-03-10,30.527599334716797,30.951594416597654,30.06968477931606,30.697196702316212,12572944
2016-03-11,30.909194946289062,31.146631266328757,29.976407740393633,30.08664686328181,18636108
2016-03-14,31.401031494140625,31.596067655450856,31.06183672413806,31.28231166175724,11199276
2016-03-15,31.646944046020508,31.952219295732117,31.290787925141377,31.54518562944997,13536662
2016-03-16,31.816543579101562,32.00310235176625,30.993995490892857,31.71478515558393,15036424
2016-03-17,31.748706817626953,32.50341600882458,31.54518995656905,32.477977232633584,15427385
2016-03-18,32.27445983886719,32.410137743999684,31.66390594000606,31.8674227977048,11254064
2016-03-21,32.749332427978516,32.868052257566056,32.42709574118226,32.613654523172706,10189843
2016-03-22,32.757808685302734,33.0376451574498,32.17269696874917,33.0376451574498,10050462
2016-03-23,32.44405746459961,32.75781345402243,32.2405406053683,32.52885449306352,11305398
2016-03-28,30.900712966918945,32.5373316909246,30.68871542993377,32.393173099713515,12813225
2016-03-29,30.59543800354004,31.121191501199657,30.40040186401541,30.91767466193102,15698879
2016-03-30,31.748706817626953,32.01158193171884,30.748080587876448,30.883758495248383,13369517
2016-03-31,32.232059478759766,32.50341528748148,31.34167239995042,31.83350314037608,19960499
2016-04-01,33.69060134887695,33.88564083692805,31.833504153732186,32.053982418219505,21322472
2016-04-04,33.63972473144531,34.24179463651322,33.25812644546553,33.98739688778173,14087361
2016-04-05,31.60454559326172,33.66515946097642,31.375589974966612,33.47860069090155,22064981
2016-04-06,31.34166717529297,31.765662218623095,31.044869314656143,31.46038365893623,14647874
2016-04-07,30.87527847290039,31.663907158266515,30.688719683282958,31.37559326164962,14597614
2016-04-08,30.951595306396484,31.155112153366503,30.6971975848016,30.917675831901484,10729839
2016-04-11,31.791107177734375,31.85894613181002,30.61240285634633,31.095756235576534,18524249
2016-04-12,32.27445983886719,32.44405722028281,31.73174489257231,31.799583845138557,14083773
2016-04-13,33.35140609741211,33.800839994890325,32.656055162547894,32.656055162547894,20032580
2016-04-18,32.84260559082031,33.32595889094395,32.47797210378162,33.32595889094395,8205557
2016-04-20,33.43620300292969,33.63124248745584,32.223579221695054,32.73237469581423,14680049
2016-04-21,34.92018508911133,35.530735652567316,33.75843888755151,33.75843888755151,28337937
2016-04-22,35.8614501953125,36.378722990937504,34.76754303188189,34.82690127829791,33150194
2016-04-25,35.0643424987793,36.149765685749834,34.597947228804344,36.0310491875573,16336582
2016-04-26,36.293922424316406,36.41264224218985,34.64882632798532,35.16609912045933,20776914
2016-04-27,35.93777084350586,36.87056145367643,35.7342539806281,36.27696894073379,18289263
2016-04-28,35.56465148925781,36.42959969519939,35.352653956086456,36.107366371451704,14467476
2016-04-29,34.92866134643555,35.90384873730734,34.03827430510249,35.60705416545124,17585524
2016-05-02,34.097633361816406,34.77602619689771,33.83475825839748,34.767545496590046,18009010
2016-05-03,33.29204559326172,34.76754786519361,33.173329083925964,34.34355273010295,20703095
2016-05-04,32.1048583984375,33.563399019973566,31.926780339024265,33.139403957157725,15641310
2016-05-05,32.16421890258789,32.61365276953226,31.731743109949964,32.22357715130751,13180709
2016-05-06,32.06245803833008,32.50341117166621,31.73174069400463,32.06245803833008,17333405
2016-05-09,32.91045379638672,33.07157048357084,32.24054161935741,32.24054161935741,12903457
2016-05-10,32.808685302734375,33.18180280556344,32.52884883849475,33.18180280556344,12006824
2016-05-11,31.748706817626953,32.68997479434347,31.528228555265077,32.053982109213806,15119891
2016-05-12,31.943742752075195,32.172701713469486,31.46038937904049,31.791106770243935,12651472
2016-05-13,31.621505737304688,31.960703825622936,31.384069403517348,31.714786791330535,9960126
2016-05-16,30.247766494750977,31.757188237075663,29.832252062578373,31.714788058621004,18142269
2016-05-17,30.714162826538086,31.07031569039945,29.866172532335,30.366487338037246,16061160
2016-05-18,31.35862922668457,31.54518800063604,30.40888060820443,30.595439382155902,14653143
2016-05-19,30.31560516357422,31.59606792560594,30.162965852885467,31.21447297464907,14083511
2016-05-20,31.12967300415039,31.290789674620704,30.324083000269436,30.51064177062824,15812249
2016-05-23,30.663280487060547,31.443431786680964,30.341043791498635,31.443431786680964,10129580
2016-05-24,30.83287811279297,30.985517423922815,30.20536611822695,30.697200203239777,10042134
2016-05-25,32.79173278808594,32.90197191779849,31.053355465832034,31.18903337139674,18909699
2016-05-26,33.81779861450195,34.06371565584494,32.46949690037214,32.73237534321154,18372135
2016-05-27,32.673011779785156,34.46226991499528,31.426468573030782,33.580360234857686,46515203
2016-05-30,32.71540832519531,33.19028425062406,32.00309942569883,32.91044778009505,20028339
2016-05-31,35.004981994628906,35.42897710289054,32.32533676830259,32.64757344967322,40811149
2016-06-01,33.49556350708008,35.26786025755217,33.30900472911703,35.10674025474982,39117455
2016-06-02,33.88563537597656,34.12307167790154,33.003725785919315,33.241162087844295,24279724
2016-06-03,32.60517501831055,34.25027466305408,32.43557763108415,34.25027466305408,31012071
2016-06-06,32.808685302734375,33.1478833349212,32.39317095592577,32.46949059631191,17136830
2016-06-07,33.14788818359375,33.52948311557751,32.42709516980732,32.90197115402511,33198911
2016-06-08,32.91045379638672,33.487084915677556,32.60517517217359,33.07157048357084,28732969
2016-06-09,33.48707962036133,33.877155214022594,32.85108702150695,32.901967892751685,27908360
2016-06-10,33.11396789550781,33.90259651538722,33.0122094711932,33.410762468317564,21083333
2016-06-13,32.673011779785156,32.88500933102751,32.29989755293513,32.808689680457896,10890801
2016-06-14,33.444679260253906,33.563399075313306,32.75780911978784,33.063084368243366,16722197
2016-06-15,33.792354583740234,34.216349646044705,33.27508180500399,33.724515639832674,15744306
2016-06-16,34.33507537841797,34.733628411124386,33.38532667425844,33.58036284016604,38617246
2016-06-17,34.4113883972168,35.1406587626064,34.00435470279416,34.733625068183756,29305659
2016-06-20,35.45441436767578,35.598572964404205,33.588839961723146,33.70755978425382,29278311
2016-06-21,35.9716911315918,36.76032315022816,35.36114052919435,35.615538276409154,37624099
2016-06-22,35.8444938659668,36.41264761442913,35.56465734218864,35.86993264291979,19256888
2016-06-23,36.03105163574219,36.29392675025688,35.78513459679378,35.78513459679378,12762004
2016-06-24,35.63249206542969,35.92080925586715,33.63123978369414,34.920183114999375,29263429
2016-06-27,36.48896408081055,36.92143655426054,35.61553510798125,35.776651782283835,22000914
2016-06-28,36.48048400878906,36.9214371899962,36.24304768044676,36.75183981260884,20131824
2016-06-29,36.904476165771484,37.46414912930369,36.47200039367312,36.633117057873626,22327161
2016-06-30,37.048641204833984,37.52351390621945,36.97232154638432,37.22671597352968,12504858
2016-07-01,37.031673431396484,37.39630693292749,36.802717821203956,37.29454851442363,12494540
2016-07-04,38.30365753173828,38.78701087891225,37.25215381330206,37.30303136260208,20501713
2016-07-05,38.92269515991211,39.46540679913629,38.303660539215755,38.31214124001989,19159747
2016-07-07,39.10076904296875,39.66891939773984,38.507176588521375,38.66829325764786,15485082
2016-07-08,38.32909393310547,39.38060082096079,37.93053766928002,39.177080676727286,15705762
2016-07-11,40.19467544555664,40.35579545063328,38.965090285235696,39.117729589884114,16362578
2016-07-12,40.516910552978516,40.85610529925661,40.203154581230095,40.525391253076656,21335946
2016-07-13,40.75434494018555,41.02570072432291,39.68587987726239,40.678025294455765,16288142
2016-07-14,43.33223342895508,44.06150379348001,40.30491284730544,40.70346584118054,59295847
2016-07-15,43.569671630859375,44.16326412302336,42.942159662736444,43.54423285533139,29393100
2016-07-18,41.89065170288086,44.19718267120051,41.593857125911576,43.75622949299065,22282283
2016-07-19,43.93431091308594,44.43462237961275,41.449701679188344,42.22985299500532,46201320
2016-07-20,44.07846450805664,44.756857364355795,43.756231143935345,44.11238398458335,26215416
2016-07-21,42.535125732421875,44.00214721730579,42.39944782928404,43.92582756534954,17868801
2016-07-22,40.923946380615234,42.56904597441942,40.73738759756036,42.484245620549494,28176070
2016-07-25,43.20503616333008,44.061503724427844,40.262512609647025,40.83066630087148,53799026
2016-07-26,43.72230529785156,45.21476537336708,41.72104982279283,42.36551978291261,79246826
2016-07-27,44.341339111328125,44.6550950735114,43.501829645559546,43.62054946601996,27682750
2016-07-28,43.764705657958984,45.40980515061602,43.527269337792596,44.561814967114216,29617661
2016-07-29,42.49272537231445,43.89190789957289,42.37400554470031,43.76470737160813,18834899
2016-08-01,41.305538177490234,43.15415448895516,41.102021334611194,42.80647905092897,21934760
2016-08-02,42.90823745727539,43.145673773884084,41.38185781045485,41.67017500064774,26989272
2016-08-03,42.679283142089844,43.68839001277364,42.24680734361189,43.077836139967395,22298990
2016-08-04,43.62055587768555,44.07846717562585,42.543609938463455,43.23048021113905,27254839
2016-08-05,43.968231201171875,44.460061975863916,43.51879395445765,44.002150679625295,15942989
2016-08-08,43.7392692565918,44.25654209931547,42.89127902708519,44.24806139883683,16574688
2016-08-09,44.332855224609375,44.94340570540714,43.43398757610825,43.73078211727717,27063785
2016-08-10,42.40792465209961,44.816214052989515,42.22984990087193,44.349822098463065,25554611
2016-08-11,41.9245719909668,42.45032553036972,41.144424045162204,42.45032553036972,22074882
2016-08-12,43.38311004638672,44.17174196866964,41.79737215346733,42.21288653855127,26396970
2016-08-16,43.103275299072266,43.87494585278879,42.60296387222574,43.58662865123211,15479155
2016-08-17,44.103904724121094,44.43461877467568,42.99303942104244,43.35767294667352,20294296
2016-08-18,44.88405227661133,45.520044923315844,44.18022400608427,44.48549927922713,19325849
2016-08-19,45.16389083862305,45.469166125713826,44.392220257486564,44.94341257950836,19571728
2016-08-22,45.35044860839844,45.96099916894209,44.87557595019782,45.28260965722692,19049004
2016-08-23,45.01972961425781,45.511563655513505,44.36677890118306,45.37588575803121,15181470
2016-08-24,45.969478607177734,46.13059528034538,44.94341034167342,45.10453034060582,21076691
2016-08-25,45.884674072265625,46.62242507303005,45.64723777134205,45.97795511338036,21958602
2016-08-26,45.511566162109375,46.172997611646956,45.299568604176116,45.80836407352189,12691213
2016-08-29,46.40195083618164,46.6224290831712,45.28260817840663,45.43524415067541,13809164
2016-08-30,47.58913803100586,47.784177512850015,46.418914443000475,46.54611497266359,19470494
2016-08-31,47.580657958984375,48.17425041980047,47.402579888163075,47.65697428153805,17821924
2016-09-01,47.05490493774414,48.07248917339673,46.74114896697674,47.48737740645531,14295714
2016-09-02,47.75025939941406,47.89441800835387,47.01250827906829,47.28386409553617,9829936
2016-09-06,48.71696472167969,48.81024244939828,48.038571874752506,48.1657724042941,12508703
2016-09-07,52.0156364440918,53.33849921386608,48.58976302730673,48.844157411349386,61683771
2016-09-08,52.54987335205078,53.55049951787051,51.73580263406581,52.23611737985805,26447975
2016-09-09,52.778831481933594,53.74553821900095,51.98172212630218,52.64315357678483,28007943
2016-09-12,50.370540618896484,52.185234093064935,50.11614290770304,51.13373042671221,25787438
2016-09-14,52.81275177001953,52.982349154062405,50.43838174188937,50.540143498080056,29047716
2016-09-15,51.64252471923828,53.21130457440253,51.337249448284226,52.855148428740435,25681686
2016-09-16,50.89629364013672,52.990827041978065,50.557098890055265,52.346357016823305,38268993
2016-09-19,51.41356658935547,51.82060361619892,51.031971663153016,51.4644474648727,13932615
2016-09-20,51.56620407104492,52.21915477493239,51.388126001663856,52.06651880529481,18078176
2016-09-21,51.218528747558594,51.896918226952835,50.998050503873124,51.710362783001756,11666924
2016-09-22,52.25307846069336,52.81275148792791,51.45596909706702,52.27003986188953,17611885
2016-09-23,51.311805725097656,52.405712901956214,51.15068905752019,52.405712901956214,13323596
2016-09-26,51.617088317871094,51.93084097756404,50.54861983176178,50.96413424554933,24263079
2016-09-27,51.345726013183594,52.032599519208254,51.023492672916376,51.76124040131762,14515278
2016-09-28,52.98234939575195,53.23674713585923,51.30333362318585,51.337253100149155,26444382
2016-09-29,50.438377380371094,54.07625176225181,49.522551585733055,53.423301058707594,37304669
2016-09-30,52.295475006103516,52.515953251752315,50.116144626937064,50.200941649734105,28656786
2016-10-03,54.15257263183594,54.60200650226848,52.61771224713122,52.914506818797534,18824412
2016-10-04,56.09446716308594,56.44214263300353,53.71161975193205,54.525690523885544,40586455
2016-10-05,56.82373809814453,57.47669215388757,56.136867892917614,56.67957949689645,28155385
2016-10-06,55.95878982543945,57.179897658691594,55.54327872320498,56.900061139772355,18620794
2016-10-07,55.72983169555664,56.213188382267106,54.992080603568404,55.661992744047254,16885749
2016-10-10,55.08536148071289,56.25558505340388,54.88184462683314,56.05206819952413,12076134
2016-10-13,52.62619400024414,54.50872998809574,51.87148479524811,54.25433557000473,21076085
2016-10-14,53.09258270263672,53.48265830780276,52.43115131153417,53.084102002885054,13643622
2016-10-17,51.69340133666992,53.754015198565945,51.24396747553404,53.42330115909969,20103782
2016-10-18,53.3215446472168,53.49114202298776,51.761242138594376,52.25307619121256,17895624
2016-10-19,53.270668029785156,53.652262987213746,52.76187586180206,53.652262987213746,12047563
2016-10-20,54.61896514892578,55.15319937443979,53.440260898483665,53.45722229886416,19823724
2016-10-21,54.16952896118164,54.71224386371633,53.5250589637672,54.71224386371633,11959381
2016-10-24,55.204078674316406,55.78071309329927,54.101694039105475,54.254333344310325,15705181
2016-10-25,54.8648796081543,55.44999135591557,54.55960434746554,55.204074342252916,10266401
2016-10-26,53.296104431152344,55.797674958086226,52.84667053802549,54.18649484264133,39407146
2016-10-27,53.423301696777344,53.96601328526703,52.30395571975265,52.40571414259447,22905552
2016-10-28,53.21131134033203,54.16953744966389,52.948432884816945,53.847300737579175,14511602
2016-11-01,52.85515213012695,53.5759418462413,52.75339369934957,53.346986208433435,9206375
2016-11-02,49.861751556396484,51.888446153202366,49.65823469178891,51.66796788699499,19180088
2016-11-03,50.15006637573242,50.77757834110273,49.53103178499101,49.895668644273826,17007951
2016-11-04,49.149444580078125,50.49774635865884,48.58977151618327,49.89567311476116,17097726
2016-11-07,50.71821212768555,51.3118045629822,49.904144782660104,50.37054002673768,15109261
2016-11-08,50.311180114746094,51.184609060147466,50.04830502401819,51.01501169100613,11276025
2016-11-09,50.947174072265625,52.03260058884731,42.77256071183709,45.28260849213075,36019418
2016-11-10,54.43240737915039,55.441514211598296,52.066518278921805,52.57531038217782,41054936
2016-11-11,52.89754867553711,56.16230226267794,52.58379270407621,53.59289956765237,35132192
2016-11-15,53.601375579833984,54.652882591375835,52.32091295202375,53.42330083705005,30750380
2016-11-16,54.245849609375,54.91576171863924,53.13498433584599,54.61048645107132,18415187
2016-11-17,54.983604431152344,55.61111640921696,54.28825350009506,54.44088948144609,19847010
2016-11-18,55.33975601196289,55.933348464347915,54.89879952828195,55.28887513855177,16863028
2016-11-21,52.08348083496094,55.91639165329884,51.77820554673626,55.91639165329884,25856470
2016-11-22,51.32876968383789,53.06714694344193,50.116145952231754,52.87210746689806,25372630
2016-11-23,51.68492889404297,52.27852140749955,51.065897604145896,51.81212610201045,14142828
2016-11-24,51.8884391784668,52.31243425228922,51.04892973048189,51.54076375005474,17667080
2016-11-25,52.66011047363281,53.38938081431315,52.07499540051931,52.37179328696988,16309075
2016-11-28,52.4650764465332,52.8975522713635,51.125255446002896,51.47293091569452,14154132
2016-11-29,52.67707061767578,53.84729415836384,52.46507306924081,52.71099009239479,14979451
2016-11-30,53.99993133544922,54.19497080174261,52.66011047381701,52.98234380810239,14183166
2016-12-01,53.36394119262695,54.61048771752578,53.016265742837255,54.45784841731966,15014520
2016-12-02,52.320919036865234,53.516584782275,51.95628548325154,53.067150871579955,21183579
2016-12-05,52.84667205810547,53.075631024401936,52.09196285608749,52.23612146617823,11334201
2016-12-06,53.13498306274414,53.72857550945288,52.948424296373524,53.643775163166794,14118184
2016-12-07,52.295475006103516,53.74553502554478,51.60012412065009,53.575937654185985,16034517
2016-12-08,52.78731155395508,53.16042578867182,52.49051697141706,52.761872778483784,10019973
2016-12-09,53.52505874633789,53.73705628659367,52.566829465289985,53.08410226623884,14068033
2016-12-12,51.990203857421875,53.423305916170285,51.82908717330512,53.32154748529155,12084868
2016-12-13,51.70188522338867,52.405716845333735,51.23549325941812,52.04956068413685,11106401
2016-12-14,51.12525177001953,51.998680731781164,50.89629282306659,51.88844160833323,10296083
2016-12-15,51.70188522338867,52.066522085034265,50.20942495230612,50.65037814069543,14607212
2016-12-16,50.91325378417969,51.81212151259733,50.72669501335605,51.70188239009994,8667062
2016-12-19,50.47229766845703,50.99805118489072,50.26878082192104,50.87933468729375,7098854
2016-12-20,49.454715728759766,50.964134073435396,49.183359920796946,50.48926140950046,12330716
2016-12-21,48.97983932495117,49.69215164059609,48.564324916079926,49.24271775601626,13826668
2016-12-22,47.987693786621094,48.844161378946836,47.59761815343482,48.844161378946836,16212704
2016-12-23,47.436492919921875,48.25056018938582,47.19905663299489,47.97920443289784,13654145
2016-12-26,44.722930908203125,47.131216691518574,44.46853321107257,47.131216691518574,13337131
2016-12-27,45.375885009765625,45.77444132137108,44.298939221935576,44.92645115032566,12440071
2016-12-28,44.748374938964844,45.9609986723781,44.604216337841656,45.37588689340413,14418969
2016-12-29,44.197181701660156,44.77381276820828,43.8749450310009,44.587257321325076,15905206
2016-12-30,44.58725357055664,45.35044334555166,44.05301939775435,44.41765621230935,12741514
2017-01-02,44.51094055175781,45.0875716556094,43.62055345701632,45.079094280758824,17898102
2017-01-03,44.90949630737305,45.25716844462836,43.82406974155663,44.38374276259064,17256328
2017-01-04,44.75685119628906,45.418282560288695,44.34133683465881,45.06212644295863,12121695
2017-01-05,45.17237091064453,45.58788532151139,45.028212306749516,45.053651082211914,10456572
2017-01-06,45.85075759887695,46.469792152540364,45.223245671092414,45.223245671092414,21144444
2017-01-09,45.79140090942383,46.223876709139724,45.520045109961984,46.011879159368966,9177737
2017-01-10,45.570926666259766,46.181477224173044,45.29956753697793,45.86772124491529,9055314
2017-01-11,46.85987091064453,47.470424848755094,45.859244633084714,45.96100306847562,20701594
2017-01-12,46.66482925415039,47.31777996924385,46.30019573498056,46.97858522448942,12795027
2017-01-13,46.825950622558594,47.20754558011799,46.23235809682564,46.808992546502544,11752129
2017-01-16,47.18210220336914,47.48737747450236,46.6817874591328,46.97858535594699,12261544
2017-01-17,48.20817184448242,48.41168869772262,47.38562040543057,47.39410110575679,18278679
2017-01-18,48.878082275390625,49.14944141447197,48.216650817549414,48.42017100330166,14872548
2017-01-19,48.640647888183594,49.51407694162522,48.242094852842946,48.861126158222085,14354275
2017-01-20,46.24083709716797,49.073121710163036,46.00340076075983,48.47952920626023,34347700
2017-01-23,46.58002471923828,46.885303287848615,45.63876021857118,46.240830004965055,16387083
2017-01-24,47.1142692565918,47.62306143996735,46.647873927507,46.944671862133276,16279794
2017-01-25,47.784175872802734,47.877453597408966,46.81746917451975,47.317780598242024,13866733
2017-01-27,48.165771484375,48.72544449152713,47.75025707915779,47.89441568109271,13447268
2017-01-30,48.81871795654297,49.802385983351066,47.877450101738226,48.37776481469585,21554908
2017-01-31,48.12337112426758,49.16639748346073,47.89441549756668,48.84416080541538,10425019
2017-02-01,49.581912994384766,49.77694915016103,47.45346005292272,48.335369755671046,18231504
2017-02-02,50.65037536621094,51.29484870124239,49.20031535103723,49.8617467602723,24792634
2017-02-03,52.74490737915039,53.33849982499197,50.55709636188217,50.85389424768526,25401072
2017-02-06,52.76187515258789,53.966018263511245,52.60923584136218,53.24522853711596,18015435
2017-02-07,52.829715728759766,53.64378321157406,52.253081269334515,52.812754326651906,18175194
2017-02-08,52.56683349609375,53.084106336706874,51.66796571891259,53.084106336706874,11628020
2017-02-09,52.48204040527344,53.050190839634176,51.28637462899112,52.9145129254128,21388857
2017-02-10,52.75339126586914,52.98234689311542,51.52380612682291,52.66011354006729,17294573
2017-02-13,51.0319709777832,53.08410418180811,50.709737631639314,52.66011241176119,15643648
2017-02-14,51.42204666137695,51.812122283027755,50.28574259686482,51.21852981332386,13762524
2017-02-15,49.75151443481445,51.60013101838954,49.480158604366395,51.37117536789029,14201379
2017-02-16,50.20942687988281,50.6164606078685,49.42927890124358,50.20094617910852,13471619
2017-02-17,50.89739227294922,52.04820661070939,50.600970196510104,51.263558959616255,10983245
2017-02-20,50.618408203125,51.00201188153992,50.217364214594966,50.81020837945011,9107740
2017-02-21,51.22868728637695,51.46408159224924,50.67943723177308,50.87995756808692,11109255
2017-02-22,50.86252212524414,51.664603494815225,50.66200178285137,51.24612582472185,8944235
2017-02-23,50.8276481628418,51.359464574639595,50.57481686448467,51.158944232214424,6444415
2017-02-27,50.383018493652344,51.525112803665316,50.22608894596483,51.08919813248113,9920815
2017-02-28,51.53382873535156,51.76050288245053,49.8511979764426,50.13889990644378,13655710
2017-03-01,51.61228942871094,52.71079276000435,51.150217690084915,51.629726411844416,11537740
2017-03-02,50.7404670715332,52.37950712377822,50.61841149889798,52.12667582288243,9775155
2017-03-03,50.33942413330078,50.89739434085242,50.060435703760184,50.566098282956844,5330705
2017-03-06,50.723026275634766,51.22868551367531,50.30454863270873,50.81892802571953,7044630
2017-03-07,50.37429428100586,51.00201242120386,50.21736474595636,50.740464304709604,5272585
2017-03-08,50.17377471923828,51.1240687735371,49.86863579959569,50.391732040630075,10542130
2017-03-09,49.85991287231445,50.37429225523239,49.71170349837494,49.95581462051748,6310975
2017-03-10,49.51990509033203,50.37429743138769,49.34553855984282,50.260962013469914,7008225
2017-03-14,49.65067672729492,50.74046329582306,49.563491806353866,50.74046329582306,11663215
2017-03-15,50.487632751464844,51.05432310568581,49.65067745278919,49.8686347696796,13195850
2017-03-16,51.55126190185547,51.75178222022099,50.496346034608024,50.99329174192282,12785350
2017-03-17,51.06304168701172,51.987181939609876,50.64456402331581,51.96102479916556,9199030
2017-03-20,51.30715560913086,51.59486088927061,50.82765013466296,50.93226872482059,7581610
2017-03-21,50.295833587646484,51.6297347436186,49.95582067608507,51.4466480540536,10639715
2017-03-22,49.214759826660156,49.825040942000044,49.09270426874509,49.69426522951131,10738260
2017-03-23,49.35425567626953,49.554776009966204,49.014242791924524,49.345535521111344,6716000
2017-03-24,51.132789611816406,52.03077272370049,49.42400166169872,49.42400166169872,24512760
2017-03-27,51.74306869506836,52.08308492274452,51.08919670654214,51.263563235302115,14993255
2017-03-28,51.821533203125,52.11795530277969,51.350747901362176,52.11795530277969,9875500
2017-03-29,52.67592239379883,53.2426127441909,51.55126517382432,52.20513712007762,20886335
2017-03-30,52.859012603759766,53.66109398180695,52.658492259247964,53.00722199179525,17438740
2017-03-31,52.78926086425781,53.62621615308064,52.28360162442245,53.09440309977102,15572670
2017-04-03,53.0856819152832,53.18158366384855,52.61489332728858,52.832850637386315,6488955
2017-04-05,54.14059829711914,54.620107073593886,52.96363007030714,53.14671342545304,20591820
2017-04-06,54.044700622558594,54.83806516503844,53.556475009584496,54.044700622558594,14287760
2017-04-07,53.14670944213867,54.28880693886967,52.867724352607596,53.669808979332885,9297585
2017-04-10,53.957515716552734,54.10572842934481,52.859012244143116,53.19030498894441,9402570
2017-04-11,55.099609375,55.20422795399447,53.91392106051386,53.992385826200874,18228580
2017-04-12,54.44573974609375,55.77963749359984,54.27137322319558,55.27397823553645,13746840
2017-04-13,54.829345703125,55.67502121240381,54.58523455643213,54.7334439452771,14481180
2017-04-17,54.08828353881836,55.06473129666801,53.59134116848103,54.872927811357314,7101340
2017-04-18,54.532920837402344,56.119653187827765,54.227781919492514,54.227781919492514,22429110
2017-04-19,55.38731384277344,55.62270815064681,53.93136052186178,54.49804756606229,18950215
2017-04-20,56.6950569152832,57.07866392630367,55.221666631928,55.448340780996205,24219005
2017-04-21,56.337608337402344,57.03506774410596,55.83194577775995,56.93045249144153,16320130
2017-04-24,57.33149337768555,57.48842290884323,55.73604425283736,56.44222381728226,13336995
2017-04-25,57.82843780517578,58.473589610688386,57.052510277207084,57.540732546078296,13794795
2017-04-26,57.54073715209961,58.57821620802861,56.57300604060099,58.299231081837206,10412435
2017-04-27,57.40995407104492,58.02895203269375,56.939165483693166,57.76740725185115,9279630
2017-04-28,62.344512939453125,63.06812617815076,57.575605769889904,57.575605769889904,43627910
2017-05-02,64.10560607910156,64.66357628778896,61.63832761321631,62.20501797715714,32883460
2017-05-03,64.01842498779297,65.37847655079065,63.14659569837813,63.99227117335526,26744675
2017-05-04,67.68009948730469,68.61295648021023,64.61126358074121,64.61126358074121,27670990
2017-05-05,68.79605102539062,72.53619274779042,67.00007820257524,68.47347180029784,119774995
2017-05-08,68.87451171875,70.44380705143455,68.1596119897558,69.21452459891009,50516155
2017-05-09,65.14309692382812,68.00269642729509,64.9338597203266,67.6539633204387,44038065
2017-05-10,64.26254272460938,65.7184961910974,63.46918144855583,65.21284020646637,26143485
2017-05-11,64.7071762084961,66.0236404054411,64.29741534476598,64.82051163082414,30552635
2017-05-12,63.817901611328125,65.36104318538328,63.38198696466187,64.86410075424493,17928680
2017-05-15,63.521488189697266,64.68973634833733,63.02454571674094,63.922528900194465,12611150
2017-05-16,65.06462097167969,66.0585058829112,62.640936481078974,63.617387732258166,28040480
2017-05-17,65.20410919189453,65.64874396354575,63.87021152847002,64.89897029038062,15228810
2017-05-18,64.21894836425781,65.52669229254026,63.643537843079336,64.49793346956355,15357615
2017-05-19,64.09687805175781,65.63129926296222,63.66096346403726,64.58510691304438,17733130
2017-05-22,63.06813049316406,64.97743885295192,62.361950864872085,64.51537037263593,17913175
2017-05-23,62.30963897705078,63.76559226125438,60.46135853051824,63.25992968840169,26451710
2017-05-24,61.56858825683594,62.81530443599636,61.045485349696364,62.42297725564168,14068065
2017-05-25,62.536319732666016,62.88504613767104,61.12395384688834,61.39421880622618,16929600
2017-05-26,62.7717170715332,63.451742942229934,62.0306634086337,62.59735385139114,11039075
2017-05-29,61.13267135620117,63.347118520080556,60.88855357112313,63.01581913752512,10343645
2017-05-30,62.02193832397461,62.24861581337215,59.981860873986655,61.02805341477074,11871855
2017-05-31,61.18497848510742,62.623498112099355,60.478798904314615,62.14398935259222,12793605
2017-06-01,61.498844146728516,62.07424806828496,60.400337285445985,61.18498504350494,12823285
2017-06-02,62.780418395996094,63.0768371116281,61.690631968181066,61.690631968181066,15584160
2017-06-05,63.23377990722656,63.76559632784471,62.87633334260692,62.946074633476435,9541130
2017-06-06,62.51015853881836,63.634819141008414,62.01321610078366,63.164030517891895,9385990
2017-06-07,63.24250030517578,63.58251321126302,62.33579700509983,62.57990815290299,7736490
2017-06-08,62.65837478637695,63.61738569526689,62.527599059817014,63.61738569526689,6057885
2017-06-09,62.85017395019531,63.076851441104246,62.16143462469701,62.632216615117876,5861525
2017-06-12,60.33058166503906,62.67580448480014,60.17365213339094,62.440413513092615,14081610
2017-06-13,60.801368713378906,61.3070312637747,60.53982393497117,60.67931315314946,6519945
2017-06-14,61.96090316772461,62.07423857317963,60.34802042102885,61.28959758667246,12983565
2017-06-15,61.36806106567383,61.96962538342988,61.07164231007364,61.551144412049716,8362815
2017-06-16,61.38550567626953,61.847574152093976,61.141387879136566,61.49012093779667,5806885
2017-06-19,61.97834014892578,62.57990447893085,61.17625880993871,61.68192138728994,10436025
2017-06-20,61.45524597167969,62.38810306386073,61.333190400854484,62.03937666237715,7203210
2017-06-21,61.62089538574219,62.562472629099354,61.47268600063867,61.79525858568402,11355305
2017-06-22,61.106510162353516,62.213737056862755,60.93214696947667,62.16142942930559,8837390
2017-06-23,59.15361785888672,61.385505434606934,58.865912587760036,61.219855735801296,11562845
2017-06-27,56.45966720581055,58.93565921961129,56.198115755775966,58.926939064202216,15336135
2017-06-28,56.843265533447266,57.191998570465174,55.291410502823496,55.51808797461455,18730405
2017-06-29,58.0027961730957,59.02283475060051,57.06993918612885,57.261742676229716,23593210
2017-06-30,57.30534362792969,57.62791621652289,56.55556988717988,57.62791621652289,11743970
2017-07-03,57.82843780517578,58.142296878458566,57.305341566880976,57.33149538106628,7162075
2017-07-04,57.81100082397461,58.40384503525788,57.45355425697451,57.71509906541923,7119180
2017-07-05,57.95921325683594,58.39512789529986,57.549452432435125,57.723815627208886,7512080
2017-07-06,59.720306396484375,60.0951932574432,58.13357735390904,58.13357735390904,14523565
2017-07-07,60.33058166503906,60.714188664963224,59.275669066776956,59.528500348406126,12376815
2017-07-10,63.04197311401367,63.22505646464669,61.638327440964325,61.64704759619339,4462645
2017-07-11,62.02193832397461,64.11433005707273,61.75167335877021,63.809191120304874,11324445
2017-07-12,62.86125564575195,63.03611043052268,61.4973629774669,62.57273924762603,9535045
2017-07-13,63.368343353271484,63.770514691254256,62.835027592618104,63.63062552833029,8345230
2017-07-14,64.28633880615234,64.5311381627417,62.42410941185572,63.4732514173193,14303665
2017-07-17,64.43496704101562,65.01199982223586,63.86668567017317,64.53988391131448,9139455
2017-07-18,64.44371795654297,65.51909430173855,63.691830323055996,63.98909148224716,11756620
2017-07-19,64.91583251953125,65.30925913941529,64.6010885555109,64.99451517539494,13932805
2017-07-20,61.53232955932617,62.948677197573026,61.01650332291468,61.0252480624266,37721330
2017-07-21,61.339996337890625,62.048166872161474,60.50941945260624,61.65473360956919,14583570
2017-07-24,61.724674224853516,62.13559027103187,61.20010324537809,61.42741978225414,15643710
2017-07-25,62.45908737182617,62.598969872455676,61.81210996178095,62.04817127012477,8646870
2017-07-26,62.45033645629883,63.02736255355166,62.12684778326114,62.60770842287362,9370610
2017-07-27,61.89079284667969,62.931196768640405,61.191360405477475,62.59896335744241,15477860
2017-07-28,63.64811706542969,63.787999562591104,61.29628213246697,62.07439728309727,12355955
2017-07-31,64.36502838134766,64.68851038800703,63.097307893562096,63.29839689172195,11612250
2017-08-01,63.420799255371094,64.77594051933272,63.13228285590763,64.66228557573311,10087290
2017-08-02,62.99239730834961,63.8229675050282,62.529019475481554,63.59565095856416,7987655
2017-08-03,60.78044128417969,62.75633216128284,60.229642766924805,62.75633216128284,11541550
2017-08-04,61.47987747192383,61.81210421653691,60.325818600294696,60.325818600294696,9110895
2017-08-07,61.645992279052734,62.02193604149429,61.27004851661118,61.47987557672587,4251985
2017-08-08,60.61433410644531,61.838337539272956,60.16844575992825,61.724675932549374,6410935
2017-08-09,60.14221954345703,61.103934165459975,59.775020506556636,60.456963480880866,10619440
2017-08-10,57.825355529785156,60.00232881478059,56.4352420677646,59.62638504770827,10480130
2017-08-11,56.986045837402344,58.218787447936876,56.09427573639541,57.353244898388574,11129860
2017-08-14,57.75541305541992,57.95650205594631,57.055987264190456,57.772902535612985,6043655
2017-08-16,58.900733947753906,59.17176085852704,56.3390720595814,57.94775738457102,11180870
2017-08-17,58.594730377197266,59.80125108859422,58.31495871533237,58.926963811481095,7768735
2017-08-18,58.17507553100586,58.50730229107503,57.598042733205084,58.19255834141688,8110340
2017-08-21,57.13467025756836,58.92696178203678,56.84615386518971,58.57724554917924,7126140
2017-08-22,57.12592315673828,57.667983628781386,56.4527249392898,57.51061166401288,7737515
2017-08-23,58.77833557128906,58.996907386834074,57.22209864157131,57.34449832465392,11015820
2017-08-24,59.66136169433594,60.29084959869502,58.15758651620759,58.90947410527176,10767730
2017-08-28,59.28541564941406,60.115992530136886,59.03187154921124,60.06353075990997,6460485
2017-08-29,59.00564193725586,59.90615669634179,58.75209784591327,59.01438667703514,6403755
2017-08-30,59.32913589477539,59.79250709015043,58.94444735358133,59.45153558146757,4609640
2017-08-31,59.40782165527344,59.59142786519475,58.752106155015305,59.39908358454042,6623750
2017-09-01,59.530216217041016,60.55313737868607,59.28541685195756,59.97610458646155,6776035
2017-09-04,58.64719009399414,59.93239341354843,58.201301730616,59.591421921048195,4781415
2017-09-05,59.1280403137207,59.329129302532884,58.64718636093994,58.75209655485768,5293655
2017-09-06,58.64719009399414,58.996906326638126,58.39364599208431,58.996906326638126,4091005
2017-09-07,58.629703521728516,59.521480292716745,58.210049357966845,58.66467581375577,5950495
2017-09-08,58.000213623046875,58.926962654381136,57.379470468919486,58.80456297161136,5536440
2017-09-11,58.37615203857422,58.7433577233676,58.02644250300996,58.40238625699518,4048720
2017-09-12,59.25044631958008,59.84496193969023,58.4985653917739,58.752102834361466,8932425
2017-09-13,59.43404769897461,60.46570687754787,59.22421396516568,59.451530508317646,8991420
2017-09-14,60.544395446777344,61.0864559733788,59.35536418669094,59.538963719019804,8369230
2017-09-15,60.81541442871094,61.20010292444047,60.325815739805606,60.430732603263266,12673985
2017-09-18,60.70175552368164,61.53232562661944,60.53563883498151,61.033982230800476,5055125
2017-09-19,59.9149055480957,60.815420368984185,59.62638914811711,60.70176542518164,5964155
2017-09-20,60.2558708190918,60.727986696524724,59.390328378939024,59.976099188422126,10292070
2017-09-21,59.46027374267578,60.49193289512882,58.8220411581598,60.32581619430646,6661125
2017-09-22,57.00352478027344,59.01438807923431,56.68878084356161,58.91821595022335,8572455
2017-09-25,56.977298736572266,57.26581513123098,54.9489525743079,56.57512740020667,12816270
2017-09-26,57.30078887939453,57.74667725791085,56.56638409888045,56.82867294983889,11672495
2017-09-27,55.587181091308594,57.8690711887885,55.106320469126274,57.528099718616275,10068665
2017-09-28,55.21998596191406,56.024332015498764,54.616728923081574,55.429816382240055,10389215
2017-09-29,53.8560905456543,55.93689502939169,53.61129119526437,55.60466495733321,16377295
2017-10-03,53.96100997924805,54.51180854383366,53.43643562969928,54.31072287713938,10038410
2017-10-04,53.724952697753906,54.51180922925914,53.43643630160314,54.18832387747836,10255780
2017-10-05,54.205810546875,54.44186850915092,53.61129493858184,53.89106659717377,6027830
2017-10-06,55.1063232421875,55.25495380610714,54.46809396215875,54.555524686564745,11345880
2017-10-09,54.95769500732422,55.47352459888264,54.57300649726237,55.08009468411078,6518270
2017-10-10,54.91398239135742,55.35986741342344,54.73037953743272,55.088837170118296,4155260
2017-10-11,53.3752326965332,55.438551014562066,52.84191697287342,55.01889356032346,8721910
2017-10-12,53.09546661376953,53.27906614386315,52.12500719021566,52.98180833246053,12486490
2017-10-13,53.943519592285156,54.64294866821006,52.876888167036604,53.36649018775449,11875395
2017-10-16,53.8386116027832,54.38066877549103,53.296551094934124,53.96101128676808,6501500
2017-10-17,53.995975494384766,54.6429494837342,53.78614843604616,53.9435203973706,7956180
2017-10-18,53.34026336669922,53.75117943922313,52.999291874664976,53.65500730862041,7186415
2017-10-19,52.911865234375,53.48014995077545,52.465976865284475,53.33152271783941,1089450
2017-10-23,53.392723083496094,53.585067349317804,52.14249202593746,52.99055174145183,8384015
2017-10-24,55.44729232788086,55.8931806651855,53.39271875287766,53.39271875287766,16729995
2017-10-25,76.91979217529297,77.654190234775,60.9902780373554,60.9902780373554,177050685
2017-10-26,74.15703582763672,81.08138845770557,73.0991491761219,77.35692999972888,78651165
2017-10-27,70.66864013671875,75.76573641362278,70.18777948030049,74.28818882415793,29133650
2017-10-30,72.28607177734375,75.01385046206178,69.62823767511959,69.68069277684873,48220225
2017-10-31,70.92218017578125,73.2215531140616,70.58120870087265,72.3385211730071,24634755
2017-11-01,72.12869262695312,73.49257849849987,70.99211662047628,71.69154903527462,21544130
2017-11-02,70.41509246826172,72.46966607112356,70.15280363798912,72.22486672035289,21578015
2017-11-03,70.65989685058594,71.51670130957667,69.87303697401944,71.1582403273643,20981775
2017-11-06,71.04458618164062,71.9538457525215,70.34515369010686,70.46755337558288,13065105
2017-11-07,68.32555389404297,71.82270309736921,67.80972091800531,71.51670387613471,16580070
2017-11-08,68.08074951171875,70.24023338296867,67.11902821528415,68.7189754590447,19312900
2017-11-09,68.01080322265625,69.36594440308687,67.58240435519076,68.85011814821974,15920940
2017-11-10,68.01080322265625,69.7331501026251,67.3900601007379,67.6698317425924,20381100
2017-11-13,66.96166229248047,68.88509838875224,66.60320796167218,68.50915457627552,11565310
2017-11-14,65.99994659423828,67.54743885493235,65.78137476862588,67.04035061864374,8162425
2017-11-15,64.71473693847656,66.76057249704971,64.23388297076782,66.41085627580928,10418215
2017-11-16,67.2414321899414,67.494969609738,64.72348076862659,65.20434139985879,17235940
2017-11-17,67.9933090209961,69.75937280715692,67.6873098512004,69.32222923022546,17693720
2017-11-20,68.74520111083984,69.22606174578057,67.42503222269725,67.68731438425232,12825555
2017-11-21,68.74520111083984,70.24023144363456,68.08074763200803,69.261034034711,17958985
2017-11-22,69.7593765258789,70.10034800043937,67.88840245049717,68.92879968326388,24723890
2017-11-23,68.95503234863281,69.9954295579575,68.11571745552742,69.89051936524547,13388085
2017-11-24,68.29932403564453,69.45338296695577,68.08949028792793,69.0162393313033,11288015
2017-11-27,67.68730926513672,68.06325300485398,67.24142762313002,67.59988188456373,10658345
2017-11-28,67.33760070800781,68.11572249309926,66.72560230432053,67.4862346091453,12222365
2017-11-29,66.12234497070312,67.59989261701016,65.79886294419754,67.28514866075206,9635690
2017-11-30,65.19560241699219,66.03491740811589,64.8196586185457,65.62400131792059,17566705
2017-12-01,63.420799255371094,66.01743350997725,62.974910880771425,65.4841177425869,9060530
2017-12-04,64.21640014648438,64.61857817827627,63.06234116598093,63.822973525740196,10237500
2017-12-05,65.37045288085938,65.72016910492937,63.47325120340357,64.21639401062593,12805695
2017-12-06,63.65685272216797,65.30051702590377,63.2721708668471,65.13440031343285,8063690
2017-12-07,64.1202163696289,64.33878815709606,63.20221886443583,63.473245746404984,8158725
2017-12-08,64.05028533935547,64.65353900169968,63.691824367712954,64.33005699052038,4998440
2017-12-11,64.1377182006836,64.77594420765007,63.71805735299755,64.52240675520557,4633660
2017-12-12,64.22513580322266,65.03822315200236,63.31587633048005,64.05028103435295,10596935
2017-12-13,62.04816436767578,64.20765484385517,61.427421248942295,63.67433911207475,10473260
2017-12-14,62.45908737182617,63.05360300763788,61.68097220190416,62.07439882210012,12824765
2017-12-15,62.14434051513672,63.60439864959291,61.908279217780034,63.210972047708424,9432075
2017-12-18,63.86668014526367,64.45245094562387,59.6263820538818,62.03941649975283,17119170
2017-12-19,64.91583251953125,65.14314908694212,63.77051828229668,64.15520016143493,15237230
2017-12-20,63.91039276123047,65.03822404569877,63.578166027700114,65.03822404569877,6520455
2017-12-21,64.4000015258789,64.91582779755154,63.73554135347071,63.822968743720715,5489610
2017-12-22,64.740966796875,65.99993577013704,64.31256128633035,64.63604993648579,17911180
2017-12-26,65.60651397705078,65.7813687534385,64.1114836270047,64.7322267545479,11002985
2017-12-27,64.38250732421875,66.39337050391534,64.13770798135798,65.7463931888898,14778345
2017-12-28,63.07107925415039,64.75845384852478,62.703880224149444,64.26011040201432,10912095
2017-12-29,63.01862335205078,63.94536565507793,62.86125138830258,63.280905511443095,6066090
2018-01-01,63.07107925415039,63.99782156899529,62.78256287188589,63.24593402930834,4383275
2018-01-02,61.558570861816406,63.58691709367557,61.112682479343334,63.333372980907846,7222740
2018-01-03,61.689701080322266,62.31044417561573,61.40119138129982,61.56730140915352,6931120
2018-01-04,63.394561767578125,63.92787745137218,61.54981538664093,62.056903523737155,13793080
2018-01-05,63.79673767089844,64.24262600791907,62.81753361143479,63.962854372398304,9965415
2018-01-08,63.779258728027344,64.60109096138525,63.49074897549967,63.822975763101596,6076250
2018-01-09,63.77051544189453,64.46120318382623,63.13228280153556,63.84045335389733,9509470
2018-01-10,62.01319122314453,63.88416529330814,61.7159301072674,63.648110684763864,9585550
2018-01-11,62.16181945800781,62.651424832668205,61.73342059167679,62.004447492988774,5764925
2018-01-12,61.89079284667969,62.73010777395309,61.26130498365412,62.31044697517533,6967765
2018-01-15,61.96073532104492,62.721360904472824,61.63724666067324,61.899535484788856,7813505
2018-01-16,59.364105224609375,62.30171089920778,59.128043933280004,62.07439434800084,9500645
2018-01-17,62.030677795410156,62.598965842663105,58.57724582179067,59.19798896961755,18141360
2018-01-18,61.07770919799805,63.333371954807575,59.22421778483726,63.28965492320733,17869415
2018-01-19,63.420799255371094,64.02405960510697,60.64056547481978,61.112681400228404,16069165
2018-01-22,63.46451187133789,63.997827657675415,62.21428743647766,62.948685566349354,8990595
2018-01-23,65.48411560058594,66.21851368034423,62.87873669083853,63.82296851076972,20994160
2018-01-24,66.31468963623047,66.8042950545983,64.35628797360714,65.36171969152433,25651420
2018-01-25,63.18474578857422,67.30264520329251,62.65143662536863,67.26767290778531,29873390
2018-01-29,60.42198944091797,63.56942205370375,59.78375684455087,62.84376207064744,19740000
2018-01-30,61.095184326171875,61.89078884333353,59.45152686703181,60.3258140268411,17457855
2018-01-31,59.68758773803711,61.54982385312019,59.25044411219149,60.34330317680554,12633530
2018-02-01,57.68547058105469,60.1509601408892,57.47563685703515,59.80124393780507,16057240
2018-02-02,54.43312072753906,56.82866917242328,53.89106358619545,56.82866917242328,43755880
2018-02-05,55.5434684753418,55.91941226337634,52.081291731487255,53.15666465942051,22629165
2018-02-06,55.770782470703125,56.478952983225206,51.72283171505227,52.46597451674955,25995605
2018-02-07,54.966434478759766,57.43192741290031,54.56426317342302,56.51392319900691,18262310
2018-02-08,56.50518035888672,57.353240025503396,54.66043713496814,54.905236488160156,18304790
2018-02-09,56.15547180175781,56.636325776807205,54.45935243853238,55.15004015169859,12850775
2018-02-12,57.31827163696289,58.34119281852834,55.80575838597862,55.95438562191903,16125245
2018-02-14,53.995975494384766,57.35323844407103,53.724948599435656,57.35323844407103,24081195
2018-02-15,54.26700973510742,55.429813386926575,52.92935130013034,53.85609365737566,25902660
2018-02-16,53.75992202758789,54.90523613856461,52.99928975334262,54.677922931353834,15997415
2018-02-19,53.19163513183594,54.01346392622992,50.035457702349895,53.856091958239844,37966880
2018-02-20,54.42437744140625,55.254950936857504,52.30860404776462,53.39271829297474,31124705
2018-02-21,54.50306701660156,55.08009646521243,53.15666385812916,55.027638029832836,16906105
2018-02-22,54.065921783447266,54.55552382698329,53.68123660754536,53.9784943955599,15410465
2018-02-23,54.87900924682617,55.35986655121162,54.20580768663013,54.529293024468906,12830865
2018-02-26,54.188323974609375,55.316155340443814,53.882324767665715,55.20249706280422,12756305
2018-02-27,51.687862396240234,53.94352515055198,51.28569105303684,53.85609442258956,32849580
2018-02-28,52.32609176635742,52.98180721874356,49.91306036903858,50.18409062334237,41381570
2018-03-01,50.76111602783203,52.40477356237449,50.50757193942226,50.71739899972339,41696000
2018-03-05,49.00379943847656,50.533802117952625,48.69780023663782,50.18408922087137,28141805
2018-03-06,46.853050231933594,49.816883246249276,46.16236255749647,49.554597758592664,25949565
2018-03-07,43.61819076538086,46.68694090845585,42.35921831458722,46.424652062958614,70458570
2018-03-08,43.91544723510742,44.58864880353458,41.96578710920902,43.967905669644736,61587785
2018-03-09,41.17018508911133,43.924191150508435,40.942871880665905,43.88921886147343,54237575
2018-03-12,41.720985412597656,42.33298377218288,39.377895496885614,41.10898371787151,76917905
2018-03-13,44.06407928466797,45.768936775358405,40.71555747445807,40.91664314425384,118938425
2018-03-14,45.39299392700195,45.63779663302984,42.201847359582786,43.3471648957789,98163865
2018-03-15,46.241050720214844,46.651966782530955,45.02579201309561,45.6377937366125,63622240
2018-03-16,46.92299270629883,47.674880236458804,45.54162065623597,45.91756442131596,66689090
2018-03-19,46.19733428955078,47.456306616243914,45.05201689388587,47.38636537677585,54840200
2018-03-20,44.448768615722656,45.27059751682973,43.71436711478855,43.71436711478855,71266420
2018-03-21,45.06076431274414,45.98750663543369,44.71104808918588,45.113219411679125,45771055
2018-03-22,44.52744674682617,45.28807566646428,44.32636109382487,45.28807566646428,27525255
2018-03-23,42.79636001586914,43.696874783747724,42.37670255117404,43.18978993125238,31412120
2018-03-26,47.2989387512207,48.05957105777542,42.350473064244305,42.91001970410998,83633610
2018-03-27,47.001678466796875,48.4617398270042,46.33722166137876,48.26065417095476,87887355
2018-03-28,46.14487838745117,47.76231174494332,45.89133762845126,46.30225035380481,61645695
2018-04-02,46.21482467651367,46.433396489523936,44.780994116788904,45.987508123303925,30959650
2018-04-03,47.01042556762695,47.718599436784416,46.18859675791204,46.52082350973698,40271890
2018-04-04,45.90007781982422,47.823510319302194,45.65527847203027,47.21150861467634,36101235
2018-04-05,49.50214385986328,50.787347202748585,46.512083023527545,46.68694114302383,49517280
2018-04-06,49.99174118041992,50.61248427730443,48.487966164741685,49.7644246461174,85737205
2018-04-09,49.983001708984375,51.0583779878149,49.07374548136453,49.983001708984375,57597845
2018-04-10,50.24528503417969,50.70865616986613,49.65951089242693,50.16659905499322,43662660
2018-04-11,49.064998626708984,50.00923044007481,48.6803134444902,49.83437232628768,35073790
2018-04-12,48.61037063598633,49.80814659122613,48.356829863655676,48.9251145852423,33880745
2018-04-13,49.65077209472656,50.18408783330632,48.66282660088441,48.96008438951209,40189280
2018-04-16,49.32728576660156,49.90431856178857,49.012545153510324,49.580829873248966,30552265
2018-04-17,48.0333366394043,49.95676910927415,47.63116533560759,49.834369437261316,35304315
2018-04-18,48.48796844482422,49.38848654976695,47.96339744662037,48.505454589449826,44064745
2018-04-19,48.66282653808594,48.94259818171082,48.29562750650618,48.6191128441085,18772930
2018-04-20,45.23562240600586,48.47922720437365,44.6585929719697,48.435513510232035,59173045
2018-04-23,46.01374053955078,46.33722589972819,43.8979635849501,44.64110977499278,70913850
2018-04-24,45.23562240600586,46.31099529056684,45.0695056990702,45.98750661660849,31903995
2018-04-25,44.47499084472656,45.50665005194886,44.08156092076194,44.58864911945882,34071070
2018-04-26,44.35258865356445,44.711046267291685,43.78430398236521,44.44876077788119,26014930
2018-04-27,45.64653778076172,47.1240854084952,44.50122358617023,44.50122358617023,48107730
2018-04-30,46.50333786010742,46.81808180530875,45.1744208332247,45.81265346385028,26518845
2018-05-02,44.82470703125,46.844311748922195,44.352591122941,46.512081665096474,25628810
2018-05-03,45.008304595947266,45.725219832182894,44.22144811807794,44.74601910332416,30373140
2018-05-04,44.693565368652344,45.69025234647028,44.27390786931539,44.938368077954905,26048520
2018-05-07,45.94379425048828,46.092424817035294,44.894648885058146,45.09573788717608,20560805
2018-05-08,45.83013916015625,47.56123096777866,44.75476616975781,46.0924280211024,45057015
2018-05-09,45.1044807434082,46.013740311711906,44.93836736146747,45.71648250419498,27862875
2018-05-10,43.46956253051758,45.72522186976074,43.16355999620391,45.392991785558316,31143200
2018-05-11,43.13733673095703,43.749338525230684,42.18436341369789,42.18436341369789,47006970
2018-05-14,43.60070037841797,45.20064750568285,41.60732669146319,41.624812835137995,113164480
2018-05-15,42.31550216674805,44.25641749902933,42.01824438286482,43.3733888871315,54374660
2018-05-16,42.14064407348633,43.08487252342409,41.108984901703664,42.09693038013439,53292865
2018-05-17,41.94830322265625,42.72641836690686,41.67727296566752,42.63024623264824,31552515
2018-05-18,41.21390151977539,42.10567493854275,41.00407444191323,41.965789108254214,27489580
2018-05-21,42.953731536865234,43.67938818648181,41.11772639581819,42.08818573199232,45726525
2018-05-22,42.96247482299805,44.23019199932828,42.02698773466925,42.84007514192941,47186360
2018-05-23,42.437904357910156,44.833449580208104,41.78218891357338,42.6040177364913,58802890
2018-05-24,42.85756301879883,43.434592492252904,42.04447557868517,42.665218749267034,38361395
2018-05-25,44.273902893066406,44.76350492150044,42.70018661364831,42.89253086323686,30024225
2018-05-28,46.241050720214844,46.94047983203083,44.413790289578714,44.63236209546753,50940175
2018-05-29,44.912132263183594,46.144877074449994,44.62361922317196,46.092421977252044,36910165
2018-05-30,44.789730072021484,45.200646097727436,43.79304325958991,43.897956783229866,43758990
2018-05-31,44.964595794677734,45.37551189007963,44.11653605230067,44.938368243104456,32069220
2018-06-01,44.754764556884766,45.90008209163158,44.16899368153557,45.44545230688799,37980850
2018-06-04,44.265167236328125,45.41048147269009,44.09905051369873,44.93836886216066,28581255
2018-06-05,44.343849182128906,44.676075926798454,43.38213123218045,44.54493484394713,29908700
2018-06-06,45.567848205566406,45.85636458417784,43.99413190308328,44.52744763192912,38127585
2018-06-07,47.61368179321289,47.99837030928977,45.0345337950929,45.16567821378113,68098230
2018-06-08,48.30436706542969,48.57539729395885,46.87927801726171,47.19402193809792,52204255
2018-06-11,48.077056884765625,49.414715297216304,47.65739607385841,48.30437010012765,36210510
2018-06-12,48.872657775878906,49.13494327937924,47.771053991979905,47.771053991979905,33323710
2018-06-13,49.02128601074219,49.67700145051685,48.645342225126754,49.04751356108799,29915360
2018-06-14,48.522945404052734,48.916375358140904,47.67488565136729,48.916375358140904,29700810
2018-06-15,47.15031051635742,48.741513005974355,46.83556658036443,48.55791348835881,32881975
2018-06-18,46.80934143066406,47.500029177266846,46.57328346656661,46.94922726103945,17696505
2018-06-19,45.8388786315918,47.17653699402651,45.244363062700586,46.61699371392679,27546035
2018-06-20,45.742706298828125,46.328480460451956,45.4541932554512,45.92630581144444,20588180
2018-06-21,44.606136322021484,46.09242532827097,44.50122278485717,45.83013648264836,21422810
2018-06-22,45.3580207824707,45.79516438162867,44.23893090073042,44.71104678825487,25124165
2018-06-25,43.70561981201172,45.53288024427931,43.399617282409515,45.279336148788055,21113215
2018-06-26,44.2476806640625,44.658596761169555,43.27722123012792,43.53076534685957,26638330
2018-06-27,43.277217864990234,44.23893248348913,42.17561742316166,44.09904666015945,29928370
2018-06-28,43.50453186035156,44.11653359911351,42.73516148575939,43.5395041505988,31211815
2018-06-29,43.985389709472656,44.72853248657705,43.548246114672196,43.95915882588878,26348445
2018-07-02,43.52201461791992,44.32636055529387,42.09692892024952,43.871730822889624,36346275
2018-07-03,42.79636001586914,44.04659100523083,42.63898804971584,43.21601748056424,33217280
2018-07-04,42.77887725830078,43.1285935074727,42.31550606301812,42.80510480968921,29267850
2018-07-05,42.630245208740234,43.41710507455599,42.45539042535115,43.01493373653514,23444550
2018-07-06,43.303443908691406,43.88921806642278,42.630242365097324,42.94498629042869,30021495
2018-07-09,43.64441680908203,44.221449581141336,42.85756030517961,43.985391629428285,31070870
2018-07-10,43.828025817871094,44.5361964373415,43.626940127457175,43.6968813812291,21957555
2018-07-11,42.8837890625,43.92419302732958,42.6302449588742,43.8455070412092,20908415
2018-07-12,42.306758880615234,43.73184801129723,41.554871322891714,43.17230471303074,25316680
2018-07-13,40.52320861816406,42.30675522879268,40.26092313663417,42.30675522879268,37051930
2018-07-16,38.879554748535156,40.392071278127794,37.86538168044999,40.392071278127794,27145930
2018-07-17,41.047786712646484,41.266358523326026,38.61726590999398,38.78338262060077,39871955
2018-07-18,39.832523345947266,41.63355272197761,39.15057710804866,41.26635372361286,32308990
2018-07-19,40.68058776855469,41.68601951656291,39.36041538813259,39.95493103015009,40326590
2018-07-20,41.406246185302734,41.68601784857035,40.18224265715094,40.5407003091589,27864860
2018-07-23,43.18104553222656,43.39961733859349,40.75926951746413,41.406243531772304,31041220
2018-07-24,44.20396423339844,44.45750499931412,42.875047223019784,43.15481887413727,31238395
2018-07-25,45.279335021972656,46.118649936014144,43.277216527634124,44.39630307968944,41729895
2018-07-26,48.76774215698242,49.18739964037303,45.93505331031052,46.861795668786826,121093530
2018-07-27,48.828941345214844,49.39722938905692,47.85848530386877,48.654086564162974,42522130
2018-07-30,50.595001220703125,51.16328925599428,48.960085029452,48.960085029452,41842570
2018-07-31,49.7469482421875,50.69117678314742,49.152432616895894,50.1840918881289,33056200
2018-08-01,49.82563400268555,50.516318425388675,49.02128796357953,49.83437540810198,31315995
2018-08-02,48.91636657714844,49.72070915210411,48.522936693685,49.39722384131896,28680590
2018-08-03,50.769859313964844,51.10208939608565,48.82894059097106,48.96882641473648,38627350
2018-08-06,51.48677062988281,52.0812861690864,50.58625591688658,51.05837178657311,36560925
2018-08-07,50.51631546020508,51.86271860491506,50.192830116523716,51.48677482639031,28539070
2018-08-08,50.4376335144043,51.39060681195296,50.09666199847117,50.51631950539974,24545635
2018-08-09,51.749061584472656,52.85940680200852,50.62123355670643,50.866032921626044,46520645
2018-08-10,49.37099838256836,51.61791618022283,49.12619570297976,51.43431667188708,34650640
2018-08-13,47.19402313232422,48.960083694373914,46.74813812328394,48.69779819875369,32175770
2018-08-14,47.325172424316406,47.85848821027952,46.791856638353295,47.21151414161737,27927640
2018-08-16,46.79185104370117,48.20819536476537,46.25853532150378,46.70442032317809,34824615
2018-08-17,48.4967155456543,48.654087519804946,47.211512201804425,47.211512201804425,33498535
2018-08-20,50.271514892578125,50.56877267926162,48.72402612088532,48.78522595916065,27357425
2018-08-21,49.7207145690918,50.673687797243275,49.2660848025741,50.56877426193647,27584780
2018-08-23,49.18739700317383,49.83437100650987,48.2956269832446,49.65951289735356,31095755
2018-08-24,48.32185363769531,49.746942698494976,48.03333726265779,48.85516935993487,29317600
2018-08-27,49.799400329589844,50.35020222396158,48.636600036073006,48.84642710573957,34458810
2018-08-28,48.0158576965332,49.97426274786613,47.66614477192687,49.8343769109953,30351230
2018-08-29,49.31854248046875,49.904316658480745,48.21694203881044,48.36556926695101,34500315
2018-08-30,50.035457611083984,50.586259498044576,48.65408552641876,49.13494283433752,33801920
2018-08-31,49.607059478759766,50.14037189378846,48.470483398333016,49.65077317374361,35748920
2018-09-03,49.808143615722656,51.189515678651254,49.3272829802294,49.92179855216557,41724510
2018-09-04,47.4563102722168,50.01797214965122,47.15031107258107,49.95677230972407,41905000
2018-09-05,46.84431076049805,47.78853922205151,45.70773470851959,47.25522348523047,39886665
2018-09-06,47.02791213989258,47.81476866651771,46.547054817764796,47.211511662590986,39063930
2018-09-07,47.29019546508789,47.66613923333425,46.24105014289202,47.386367592100825,30655205
2018-09-10,46.31100082397461,47.38637383702509,45.95254315295779,46.86179943922437,32835415
2018-09-11,45.94379425048828,47.13282544229969,45.63779504751086,46.33722417941723,40966775
2018-09-12,46.31973648071289,46.65196655790372,44.990819507090656,46.14487836981556,35535110
2018-09-14,47.089111328125,47.4213414135039,46.74813983779927,46.97545305296938,22706515
2018-09-17,46.77436828613281,47.47379742525235,46.127394247983986,46.64322386342362,25374650
2018-09-18,43.15481948852539,46.16236644842694,42.71767586053812,45.95253937467213,66702575
2018-09-19,43.04990768432617,44.16899434976953,42.84007726698487,43.61819242249729,40847325
2018-09-21,41.85213088989258,43.976649233404714,36.59766583843621,43.41710591143533,43146030
2018-09-24,40.741783142089844,42.40293019513078,40.27841198246036,42.40293019513078,32994095
2018-09-25,40.8292121887207,41.458696693750326,38.71343546767021,40.549440556454,42555800
2018-09-26,41.11772918701172,41.616072663447845,40.444527589776314,41.266359756990546,30046825
2018-09-27,39.806297302246094,41.4149859706806,39.65767007107315,41.388758420506825,25525725
2018-09-28,38.61726760864258,40.74178596870971,38.23258240557634,40.56693118058771,41898190
2018-10-01,40.70681381225586,41.09149898508245,37.340806043244264,38.29377923821884,48940135
2018-10-03,40.53195571899414,41.94830006988938,40.00738139022999,40.217211788763855,42378265
2018-10-04,40.059844970703125,40.91664614911478,39.43035702936335,39.87624543285951,31561015
2018-10-05,38.354984283447266,40.45327521224944,37.59435523919161,39.954931700308684,33996520
2018-10-08,37.891605377197266,38.54732074251438,36.89491855553778,38.276290524199275,39237065
2018-10-09,37.80418395996094,38.451154688129364,36.92989666827503,38.451154688129364,32271225
2018-10-10,40.69807052612305,41.23138627838843,37.74297870865621,37.7692095938625,40507190
2018-10-11,39.36915588378906,40.392073754698366,38.118924783311776,38.118924783311776,32752595
2018-10-12,40.35710144042969,40.942875662884944,39.96367149029427,40.217215606508354,24690540
2018-10-15,40.19098663330078,40.71555765816605,39.55275733016292,40.39207230400384,24736160
2018-10-16,41.371273040771484,41.75595823604913,40.21721411979729,40.50573051761146,24047555
2018-10-17,38.58229446411133,42.13189830589359,38.16263701491672,42.13189830589359,35639570
2018-10-19,38.64349365234375,39.46532239300969,37.87412000748444,38.46863555099288,32304510
2018-10-22,36.94738006591797,39.58772812895576,36.59766714477488,39.34292875064146,42792360
2018-10-23,36.38783264160156,37.10474788492631,35.802061813455666,36.37909123698878,31257525
2018-10-24,37.192176818847656,37.594348114522695,35.968173453155686,37.157204531795685,29768370
2018-10-25,37.008583068847656,37.55064026187194,36.37035040390611,36.72006665852,23574315
2018-10-26,37.165950775146484,37.73423884074136,36.588921304220875,37.41949488657443,28380855
2018-10-29,41.65104293823242,41.965786873405534,37.08726254850442,37.33206523982856,55402585
2018-10-30,44.80722427368164,46.109913822466496,41.24013047697727,41.441219491568944,108004580
2018-10-31,45.80390930175781,46.03122585844624,43.67939097997468,45.28807968175406,60903790
2018-11-01,44.02910614013672,46.31099638053059,43.63567621332033,45.81265291827689,78716475
2018-11-02,42.577789306640625,44.97333447946544,42.332986611247904,44.57116314901181,52208895
2018-11-05,43.01493453979492,43.487050468100655,42.1406472659582,42.47287736385571,28066295
2018-11-06,42.324249267578125,43.45208071720169,42.00950529697234,43.163564299099235,21493505
2018-11-07,42.455387115478516,42.77887244169849,42.33298410745114,42.66521417324354,3000990
2018-11-09,43.084869384765625,44.09904233829856,42.08818257432784,42.490353860093826,35163265
2018-11-12,41.63356018066406,43.30344878578638,41.441219243075295,43.15482154605227,25233405
2018-11-13,42.53407669067383,43.01493401842748,41.039042935826394,41.44121761162405,30642030
2018-11-14,44.177730560302734,45.008304056267605,42.682700268650535,43.01493033406467,52099655
2018-11-15,44.702308654785156,45.36676550666427,43.36464687558369,44.23019273271405,37142695
2018-11-16,46.10990905761719,46.58202161768974,43.871732592825396,44.66733382284488,50716670
2018-11-19,45.655277252197266,46.81807745829141,45.33178859680865,46.65196409603251,33185710
2018-11-20,44.912132263183594,46.20607691127491,44.64984677177093,44.6585915113979,38218345
2018-11-21,46.0049934387207,46.319737377400706,44.85093455365477,44.92087913342416,39039015
2018-11-22,45.62031173706055,46.249799662461776,45.04328225048988,46.21482736990807,36977215
2018-11-26,46.101165771484375,46.32848232159547,44.90339318635498,46.03122452654791,31889005
2018-11-27,46.78310775756836,47.11533783559608,45.75145190447157,46.03122354855563,45819380
2018-11-28,45.82139205932617,47.56122505633479,45.524134277656295,46.99293704177323,36700565
2018-11-29,45.64653778076172,46.7306554681182,45.49791054503111,46.30225323634296,26636995
2018-11-30,44.72853469848633,46.16236522671486,44.413790761042776,45.97002430338689,27880215
2018-12-03,45.1044807434082,45.79516849251244,44.54493741988017,45.1044807434082,34628175
2018-12-04,44.38756561279297,45.18316690431235,44.14276624159971,45.09573951035513,24394505
2018-12-05,44.15150833129883,44.754765363293416,43.75807838211047,44.01162249771423,27936700
2018-12-06,42.9974479675293,43.95916262515214,42.61276277150841,43.88922137821254,26342895
2018-12-07,43.22475814819336,44.1864760733016,42.22807126964597,43.32967501393383,28399790
2018-12-10,42.15813064575195,43.049904006775115,41.852128118900474,41.96578639088194,19080645
2018-12-11,43.4171028137207,43.784305177027335,41.09149896324886,41.09149896324886,35394165
2018-12-12,45.130706787109375,45.331792453839704,43.71436237984202,44.06407861293722,36146760
2018-12-13,45.38425064086914,46.144879608274444,44.72853520876153,45.4629366261277,32071435
2018-12-14,46.59076690673828,46.756880278431225,44.97333354335933,45.218136233656566,33201865
2018-12-17,46.43339538574219,46.94048024559853,46.03122405979731,46.643222453565116,16318285
2018-12-18,47.06288146972656,47.44756663620005,46.06619126247715,46.25853551328438,27759915
2018-12-19,47.954654693603516,48.50545659913723,47.40385612321101,47.63116934247981,31668715
2018-12-20,46.94048309326172,48.487971986684585,46.56453929420265,47.58745715110377,36016400
2018-12-21,46.424652099609375,47.6049418998551,46.13613903853234,47.21151196643986,22548060
2018-12-24,46.57328414916992,47.21151346805819,45.90008253838991,46.35471232755854,21820585
2018-12-26,47.36888122558594,47.83225237886777,45.40173500636772,46.51208016143226,23579545
2018-12-27,47.60493850708008,48.03333736560178,47.22899474584782,47.66613834401175,25010455
2018-12-28,48.51420211791992,48.78522903734269,47.64865625247699,47.98088634917785,26018830
2018-12-31,48.094539642333984,49.23985712827534,47.954653817230856,48.91637178306333,21292440
2019-01-01,49.22236633300781,49.55459638691854,47.96339402601994,48.34807917492547,27095355
2019-01-02,48.15574264526367,49.607059326195305,47.840998706122164,48.99505759288027,28222815
2019-01-03,48.313114166259766,48.6803165622445,47.797284531878795,48.243172917350165,19967195
2019-01-04,49.475914001464844,49.92179901699818,47.9459113637355,48.61036818465874,30690280
2019-01-07,48.65408706665039,50.087917630987434,48.40928436739541,49.78191509070401,17759875
2019-01-08,50.34146499633789,50.70866406629491,48.44425979613574,48.59289037336221,27864940
2019-01-09,49.04751205444336,50.68243156869494,48.33934153573072,50.53380100597157,32093545
2019-01-10,49.1436882019043,49.5108906012015,48.66283085521106,49.09123309853424,16797210
2019-01-11,48.65408706665039,49.36225760859131,48.34808452636696,49.292316362476456,15197735
2019-01-14,48.61037063598633,49.21363098377402,48.11202716137812,48.65408766738173,18157035
2019-01-15,48.14699935913086,49.09123120506888,47.84974155598088,49.09123120506888,16436760
2019-01-16,48.14699935913086,49.10871401542367,48.00711353030388,48.304371333453865,19400930
2019-01-17,48.16448211669922,48.487967447768405,47.19402278835065,48.24316809832589,17894640
2019-01-18,47.6661376953125,48.575397167552985,47.5349932835917,48.5141973314542,13102490
2019-01-21,46.861793518066406,48.34808245465822,46.40716709994756,47.91093884596304,16934060
2019-01-22,46.066192626953125,47.05413812380634,45.725221143252384,46.686939090633565,15186460
2019-01-23,45.541622161865234,46.3372234115638,45.24436436883824,46.07493790833789,18252770
2019-01-24,45.86510467529297,46.127390162338706,45.01704837834977,45.550360756781714,18502120
2019-01-25,44.47499084472656,46.33722359473172,43.58321746212045,46.1623654801762,20197460
2019-01-28,42.035728454589844,45.803903997710826,41.56361258549943,44.763503472988624,53008935
2019-01-29,43.067386627197266,44.37881744615766,42.00075849567205,42.29801628137538,49078250
2019-01-30,43.670650482177734,44.03784954041627,42.8750491875196,43.364647931837645,22086550
2019-01-31,43.7405891418457,44.10779151349302,42.97996018398205,44.0028779795114,22610500
2019-02-01,41.62481689453125,44.134020391605546,41.1089872788123,44.06407914522633,29423225
2019-02-04,41.09149932861328,41.8433868712275,40.27841194742731,41.79092843739125,24977955
2019-02-05,40.41830062866211,41.55487342772822,40.147270370711816,41.26636035907005,21810865
2019-02-06,41.19641876220703,41.432476745571996,39.6139608022612,40.654361542151314,21624295
2019-02-07,41.44995880126953,42.22807392788446,40.899156894452865,41.27510068250252,24444605
2019-02-08,39.91121292114258,41.29258499426454,39.67515497156063,41.26635744491357,20860145
2019-02-11,39.342926025390625,40.1297858799549,39.13309561912643,39.99864145914714,15752240
2019-02-12,38.573551177978516,39.797554618937596,38.43366535630957,39.34292486472825,20842975
2019-02-14,39.1156120300293,39.517783354288795,38.136407933822134,38.3986934350722,29247355
2019-02-15,37.638065338134766,39.14184047109144,37.29709384522974,39.11561292091142,26143535
2019-02-18,37.35829544067383,37.996524761118,37.20966820248359,37.85663892835135,16009900
2019-02-19,37.568119049072266,38.713433055056804,37.35828867037836,37.57686045291168,31105065
2019-02-20,38.215091705322266,38.43366349956704,37.72549302070415,37.856634096166474,18224190
2019-02-21,38.730926513671875,39.34292828739292,38.52984083597549,39.34292828739292,22249905
2019-02-22,38.81835174560547,39.12435092155007,38.22383620222092,38.73092102737781,17023350
2019-02-25,38.95823669433594,39.13309145662583,38.71343402387664,39.13309145662583,11592130
2019-02-26,38.11018371582031,38.56481351412986,37.305837661844535,38.29378324923146,23055975
2019-02-27,40.427040100097656,40.66309470044211,38.29377727651513,38.29377727651513,65408440
2019-02-28,40.47075653076172,40.8991554042333,40.05984046690274,40.234698579298545,27671285
2019-03-01,42.38544845581055,42.72641997362874,40.65435997948184,40.689332272371246,34222670
2019-03-05,44.300132751464844,44.58864914089129,42.35047261081535,42.647730405160274,32042530
2019-03-06,44.20396423339844,45.02579304166342,43.889220292105975,44.57990801492653,24709125
2019-03-07,44.99956512451172,45.27933677334693,43.539503705458166,44.22145001774248,27244315
2019-03-08,44.413787841796875,45.16567534623811,44.21270219167855,44.63235963563952,18233090
2019-03-11,45.34927749633789,45.97876536654675,44.702306816526416,44.74602051081513,23570270
2019-03-12,44.83345031738281,46.092426125700534,44.60613709373727,45.97002644103437,21102355
2019-03-13,45.98750686645508,46.14487883433275,44.37007682844029,44.798479037694214,35280355
2019-03-14,45.812652587890625,46.51208171099727,45.21813699946469,46.29350990158012,29336995
2019-03-15,46.26728057861328,47.18528487727154,45.83888168537126,46.109911938849756,28229285
2019-03-18,47.596195220947266,47.82351176661333,45.803907080769825,46.59950832031888,28420070
2019-03-19,48.32185363769531,49.25734066894992,47.517507684524226,47.75356562724375,40945845
2019-03-20,48.29562759399414,48.654085221484195,47.709853421183915,48.26065530469241,26229050
2019-03-22,47.51750946044922,48.6803130733996,47.36013749275456,48.41802757228888,20546165
2019-03-25,47.246482849121094,47.61368188593745,46.54705373008437,46.861794332295055,15620630
2019-03-26,49.169918060302734,49.53711711677832,47.26397152442329,47.368885064110415,31467320
2019-03-27,50.00923156738281,50.27151707640538,48.83768651428354,49.30980243160889,34242130
2019-03-28,51.836490631103516,52.457233763538184,49.6595139624546,49.6595139624546,51851150
2019-04-01,51.35563278198242,52.82443224358785,51.05837499370894,51.23322976963599,29710805
2019-04-02,51.731571197509766,52.17745953007246,50.883514894940404,51.53923028447535,32072465
2019-04-03,49.860599517822266,52.54466103947595,49.51962803271476,51.93266264832971,31224010
2019-04-04,49.27482604980469,50.69991508853018,49.09122654224706,50.000482675688104,37448010
2019-04-05,48.95134353637695,49.79939988264152,48.63659959956078,49.572086670019345,22405215
2019-04-08,47.85848617553711,49.72946038205482,47.58745592374444,49.099972486351206,27781145
2019-04-09,50.16659927368164,50.44637090419957,47.59619283247943,48.04208116152676,42796640
2019-04-10,49.231117248535156,50.15785961787636,49.02128683680925,49.694488433205755,28124160
2019-04-11,49.064998626708984,49.57208682317754,48.55791376538155,49.22237059560329,23099855
2019-04-12,49.808143615722656,49.97425698562148,48.645340021007755,48.960083951461144,21937825
2019-04-15,49.09123611450195,50.27152270481934,48.907633236002845,49.94803731864536,20396745
2019-04-16,48.96883010864258,49.64203172852747,48.680317034486976,49.34477391371001,15075645
2019-04-18,48.479225158691406,49.17865424086665,47.76230993256915,49.09996826067563,19828390
2019-04-22,46.77436828613281,48.120771463401184,46.42465204900244,48.085799172659904,20750575
2019-04-23,47.29019546508789,47.94591087456768,46.56453547772923,46.84431045410369,23380380
2019-04-24,47.82351303100586,47.98088500212274,46.818081363885874,47.29019727723654,15942460
2019-04-25,47.482540130615234,48.10328325653518,47.29019587492244,47.73608088977084,14287700
2019-04-26,47.806026458740234,47.928426138483964,47.0366527551696,47.63116834404584,17290020
2019-04-30,45.541622161865234,48.024598040343356,44.457504524019384,47.91093976606039,32859735
2019-05-02,45.847618103027344,46.60825034403511,45.08698919716046,45.375505564813245,22395270
2019-05-03,46.695682525634766,47.15905370720611,45.92630880130738,46.066194629808614,21268160
2019-05-06,46.43339538574219,46.85305285652916,45.60282184901874,45.80390751199118,17474950
2019-05-07,45.025794982910156,46.99294136565866,44.676078736365014,46.7393972536705,18567300
2019-05-08,44.894649505615234,45.88259504410578,44.50996431153471,44.92088039133386,25965390
2019-05-09,44.92961883544922,45.40173472557558,44.623619648408614,44.76350546750446,15355320
2019-05-10,46.424652099609375,46.98419874665617,44.80722200518598,45.13070735704241,48699285
2019-05-13,42.560306549072266,46.62574387763404,42.05321830802954,45.90008380892974,66889905
2019-05-14,43.4608154296875,43.889217620399556,41.69475490505205,42.65647281547345,33201490
2019-05-15,42.58652877807617,43.81053219404417,42.36795697773481,43.53950196097013,20463595
2019-05-16,42.44664764404297,42.8138500434174,41.80841831682261,42.73516405320441,20977435
2019-05-17,42.93624496459961,43.259730295053785,42.14064374528301,42.40292923849291,19042380
2019-05-20,46.46836471557617,47.02790797431812,44.47498768738186,45.078247973015,35988140
2019-05-21,45.46293258666992,47.19402077340699,44.955844430027916,46.49459170833255,29389275
2019-05-22,44.99956512451172,45.97876589543495,44.6061352011056,45.366764162930004,29759445
2019-05-23,45.30556106567383,48.85516819086892,44.99081714957937,46.337220197254155,51990710
2019-05-24,48.2693977355957,48.575400270779475,45.6028223197605,45.725221999777546,42787370
2019-05-27,49.126197814941406,49.93054379364162,47.87596682037969,48.02459738242757,35552750
2019-05-28,49.09123611450195,49.729465480798325,48.39180356527817,49.35352165289009,29122400
2019-05-29,47.639915466308594,48.94260164888237,47.42134364579636,48.87266040059194,17397825
2019-05-30,47.578712463378906,48.08580068970178,46.896769448115634,47.73608444153833,25304670
2019-05-31,46.82682800292969,48.32185845402484,45.99625441838528,47.9284285102784,28097125
2019-06-03,47.58745574951172,47.78854141876053,46.31099715246733,46.68694094045374,19175205
2019-06-04,48.0333366394043,49.02128209015788,47.316421416065495,47.561224095232085,36009670
2019-06-06,45.76893615722656,47.95465428001945,45.480423099291315,47.648655076884914,27261880
2019-06-07,45.978763580322266,46.49459315722821,45.034531811691345,45.76019178222892,24473765
2019-06-10,45.16567611694336,46.92299190196298,44.71104637777597,46.49459304640012,21311550
2019-06-11,46.88802719116211,47.10659900850931,45.113221766406745,45.44545186261405,27825600
2019-06-12,46.94922637939453,47.20277048442034,46.337224632316826,46.77436826092359,19244880
2019-06-13,45.85636901855469,47.03665552576718,44.29139396932701,46.879283546786674,37515055
2019-06-14,46.03996658325195,46.67819587736012,45.156937925688936,45.480423275274454,26440230
2019-06-17,45.20939254760742,46.42465128209115,44.990820736796934,46.14487963106502,20895495
2019-06-18,45.48042297363281,46.58202343701468,44.833448943611536,45.4279645381799,27648970
2019-06-19,45.03453063964844,46.39841982490587,44.553673363385776,45.8126490221283,26980550
2019-06-20,46.92299270629883,47.12408169843641,44.98207737848185,45.41922098111988,23587520
2019-06-21,47.33390808105469,47.648652004061866,46.43339333978266,46.59950670575158,23432730
2019-06-24,47.75356674194336,47.9021973027433,47.124082215138365,47.38636771256886,18050735
2019-06-25,48.007110595703125,48.33059592975236,47.38636747667481,47.63116682837251,15744470
2019-06-26,48.69779968261719,48.96008518622948,47.56122694353651,47.9808844163444,19160775
2019-06-27,48.69779968261719,49.22237068984177,48.30436975962819,48.98631273604837,21273335
2019-06-28,49.729454040527344,51.023398622692625,48.57539526899775,48.78522231738088,61752225
2019-07-01,49.895572662353516,50.29774399346714,49.23985723048259,50.06168603777667,35247480
2019-07-02,49.510887145996094,50.24528855819763,49.16991565732058,49.83437248972143,18419620
2019-07-03,50.31523132324219,50.63871667674235,49.27483068082749,49.64202973045342,23380215
2019-07-04,50.2103157043457,51.311916142704504,49.738199801417174,50.35894293204111,36967645
2019-07-05,50.90974807739258,51.85397994368747,49.80814756852317,50.41140459300626,54520355
2019-07-08,47.20277404785156,50.883522878153656,46.643227359475,50.647464900668574,60057840
2019-07-09,48.129512786865234,48.41802918227951,46.5907686834127,46.91425403436772,35730395
2019-07-10,48.13825607299805,48.84642659463926,47.62242647401513,48.43551386453297,29369320
2019-07-11,49.030033111572266,49.266087746332076,48.16448722193465,48.601630869497995,18785275
2019-07-12,49.729454040527344,50.19282516291915,48.750250030936755,49.047507795430185,25330070
2019-07-15,47.893455505371094,49.642030042523935,47.56122874461376,49.58957494089975,32476555
2019-07-16,48.37431716918945,48.46174456379427,47.49128514203074,47.73608451503728,19434945
2019-07-17,48.99505615234375,49.09996968392591,48.10328279604281,48.37431303236618,19592625
2019-07-18,46.94922637939453,49.07374468123469,46.73065456509115,48.98631395442862,26734935
2019-07-19,46.3984260559082,47.508771310654154,46.162368088192956,47.21151349965807,24580660
2019-07-22,46.22356033325195,47.03664764334665,45.5591035717941,46.21481892928074,23334655
2019-07-23,44.79847717285156,46.59950665337115,44.58864677936898,46.51207926825231,23462195
2019-07-24,43.38212966918945,45.043276673253,42.385442800807716,44.76350503774728,56765290
2019-07-25,41.83464050292969,43.714359286296826,41.20515599710285,43.714359286296826,60138340
2019-07-26,42.0269889831543,43.084875783978106,41.82590331040491,41.96578914080193,34827315
2019-07-29,41.930816650390625,42.647731944665146,41.32755963500584,42.07070248012367,27142640
2019-07-30,40.61064147949219,42.35921589552939,40.45326951523756,42.053213371638265,32822290
2019-07-31,41.336299896240234,41.54613030260329,40.09481360861076,40.462012650819645,23896015
2019-08-01,40.514469146728516,41.47618373659648,39.954925870067804,40.91664045993577,22121680
2019-08-02,40.6893310546875,41.08276100006587,39.517785959083746,40.217215120233455,29120850
2019-08-05,40.03361129760742,40.32212433651751,38.46863642445158,40.04235270206005,28274570
2019-08-06,40.601898193359375,41.05652795802259,39.50903914420966,39.648924969095184,21189775
2019-08-07,39.38663864135742,41.30132978995125,38.958239770721015,40.899155133560186,38029115
2019-08-08,39.841270446777344,40.11230069990158,38.494867256636915,39.60521248472873,38724100
2019-08-09,39.96366882324219,40.689328831190466,39.43909781483079,39.96366882324219,23781245
2019-08-13,38.678470611572266,40.54944485119549,38.468640197577855,39.96367064118618,21134115
2019-08-14,39.395381927490234,39.86749447472926,38.6609805555017,38.81835251629503,22610785
2019-08-16,41.266357421875,41.79092841944799,38.81835387463264,39.23801133971924,37535890
2019-08-19,40.4095573425293,41.51115779862535,40.07732725714049,41.46744410360762,27282900
2019-08-20,39.38663864135742,40.56692839086205,39.05440856351822,40.453270118285815,25867765
2019-08-21,38.43367004394531,39.66641503998858,38.20635680668648,39.34292966326358,29723445
2019-08-22,36.68509292602539,38.757156150294406,36.4228074129312,38.41618131461658,33191555
2019-08-23,37.891605377197266,38.337490358150944,36.26543073758829,36.58017464656304,35614590
2019-08-26,39.13309860229492,39.683900542478284,37.71675409125054,39.683900542478284,41520240
2019-08-27,40.138526916503906,40.75052864942054,39.50029763372294,39.51778377867954,39452385
2019-08-28,39.67515563964844,40.505729179539564,39.37789784648133,40.1122992569447,23863120
2019-08-29,38.573551177978516,39.6401826526674,38.07520772983658,39.34292486472825,23954030
2019-08-30,38.573551177978516,39.28172502619441,37.90034961896513,38.844581416586315,39476915
2019-09-03,34.44691848754883,37.419493093618314,33.93108888407819,37.419493093618314,108780970
2019-09-04,33.68628692626953,34.779145996913016,33.32782928450412,33.92234488574547,84293630
2019-09-05,33.49394226074219,34.0971991997799,33.28411187512773,34.027254626194804,55287430
2019-09-06,33.52016830444336,34.254569618435106,33.38028249868972,33.747481488115255,40316210
2019-09-09,34.613033294677734,34.73543297935718,33.345316080949694,33.458974360355434,49376955
2019-09-11,35.75834655761719,36.02063204137308,34.63925671304272,34.63925671304272,41369045
2019-09-12,35.58348846435547,36.24794524568878,35.286230693330886,35.84577394816754,36661395
2019-09-13,35.566001892089844,35.714629108240366,34.31577098800846,35.662174013194694,44606905
2019-09-16,35.53103256225586,36.09057585691483,35.00646155729835,35.496060272554395,30826140
2019-09-17,33.931087493896484,35.70588944585489,33.76497079110641,35.46109009665815,36421795
2019-09-18,34.26331329345703,34.95400096427475,33.97480025908892,34.21085819728514,36499540
2019-09-19,33.196685791015625,34.19337265758002,32.7595421944424,34.097200532711355,40283765
2019-09-20,35.251258850097656,35.898232831114036,32.64588345248747,33.38028481749537,70729025
2019-09-23,36.67634963989258,37.10474851110997,34.19337379533235,36.19549233469015,78229920
2019-09-24,35.53977966308594,36.84246585715965,35.18132200768711,36.84246585715965,43546165
2019-09-25,33.52891540527344,35.321206973402774,33.292860777756566,35.321206973402774,41724630
2019-09-26,33.695030212402344,34.65674481900926,33.48519981243191,33.756230050906,47259165
2019-09-27,33.15297317504883,34.036005225314405,32.96063223485686,33.747488812314344,43106720
2019-09-30,31.893997192382812,33.34531383539481,31.474339729539214,33.22291415895806,44107570
2019-10-01,31.142108917236328,32.479770591986366,29.830678126202816,32.08634068764812,53945740
2019-10-03,31.719139099121094,32.13005515749611,30.617538675469003,30.827365739430807,40323350
2019-10-04,31.47434425354004,32.47103128794616,31.16834501846501,31.998915323709095,46065365
2019-10-07,31.369428634643555,31.937713367268987,31.124625927610754,31.675427849507916,28150540
2019-10-09,32.21748352050781,32.471027621018315,30.47765377731622,31.229541338752245,45886295
2019-10-10,31.142108917236328,32.12131297584285,30.888568165676986,31.998909967161307,32153760
2019-10-11,31.308225631713867,31.780338181976685,30.70496533309537,31.299480892091037,42254520
2019-10-14,31.334453582763672,32.1213134018765,31.142109330282533,31.474339402256952,32903625
2019-10-15,31.579254150390625,31.797825960220568,30.914797315969704,31.386913225636253,33581495
2019-10-16,31.4918270111084,31.963942924531768,31.22079676411176,31.780340068106348,29652315
2019-10-17,32.61091613769531,32.74206056882182,31.264512874010048,31.456857150291206,38201815
2019-10-18,33.02183151245117,33.222917189962935,32.34862989549023,32.52348802141304,33756725
2019-10-22,33.17045974731445,34.132177801186934,32.82074682011292,32.96063265802182,31813925
2019-10-23,33.49394226074219,33.87862741003772,32.75079617453428,33.22291204081119,29285970
2019-10-24,32.80325698852539,33.72125790512521,32.20874141041214,33.72125790512521,38205155
2019-10-25,33.695030212402344,33.90485727723171,32.462285367321336,32.96062881521742,37826545
2019-10-27,33.66006088256836,33.92234640423543,33.54640260029413,33.92234640423543,2607745
2019-10-29,34.14091110229492,34.691712917431964,33.485195767416755,33.57262647981824,28862160
2019-10-30,34.98023223876953,35.338689886407494,33.94857632751056,34.27206168388109,38130460
2019-10-31,35.59223175048828,36.56269109353172,35.058916015292084,35.16383288247698,55766535
2019-11-01,36.212974548339844,36.702576585387426,35.42611806235814,35.61846231533059,41838845
2019-11-04,36.344120025634766,36.99983545068491,36.134292957297745,36.37034757539161,31740945
2019-11-05,36.160518646240234,37.35829116052181,35.88948841718254,36.37034570377959,51590730
2019-11-06,36.87743377685547,37.50692161809848,35.364917345105184,36.16051855105801,94143315
2019-11-07,36.65011978149414,37.59435160881588,36.43154796981498,37.41075208743926,41073495
2019-11-08,35.20754623413086,36.58891828723235,35.04143286541377,36.45777720723707,38456070
2019-11-11,35.566001892089844,35.68840156071753,34.79662825839188,35.1201135733566,32264340
2019-11-13,34.43817138671875,35.784574440448466,34.2807994279638,35.56600264608225,27334675
2019-11-14,34.988975524902344,35.22503347843425,33.86988893198765,34.6042903423732,33153840
2019-11-15,35.88074493408203,37.48943340096507,35.417370483173805,35.583487173838186,107192395
2019-11-18,36.85995101928711,36.97360929776257,35.8982363602705,36.160521873171284,45317975
2019-11-19,38.66972351074219,38.9932088497278,36.61514986874721,36.877435368874494,84515715
2019-11-20,38.90578079223633,39.89372627203598,38.5036094766156,39.16806628785241,81868540
2019-11-21,38.7921257019043,39.61395788006386,38.61726757877622,39.34292762245828,43606460
2019-11-22,38.678470611572266,39.51778559726733,38.52109863486178,38.78338415099883,42082075
2019-11-25,39.6052131652832,39.771329883176264,38.608526198490026,38.608526198490026,39772880
2019-11-26,38.94075393676758,40.1385265053254,38.11892180793166,39.69264148649359,44724835
2019-11-27,39.718868255615234,39.86749548059162,38.94075317158348,38.99320826974407,29814780
2019-11-28,40.59315872192383,40.7243031481248,39.76258513798071,39.963670812385246,56284990
2019-11-29,39.718868255615234,40.96035449415105,39.54401014641752,40.52321088872728,38878520
2019-12-02,39.59646987915039,39.84126923897612,38.94949585442951,39.57023899406825,24065485
2019-12-03,37.961551666259766,39.753843238048766,37.804183025974275,39.65767110471672,32918635
2019-12-04,39.17681121826172,39.3254384436157,37.81292196522368,38.03149376849087,36059165
2019-12-05,38.048980712890625,39.40412525460882,37.89160874441846,39.16806730190058,33841395
2019-12-06,36.40531921386719,38.42492388754154,36.038120183276064,38.23257963238939,41218420
2019-12-09,37.2446403503418,37.856642171808595,36.08183989118234,36.370352986858265,60791305
2019-12-10,36.833717346191406,37.734232013689386,36.650114516051445,37.26211616785638,38236540
2019-12-11,37.21841049194336,37.419496172875405,36.44029532025023,36.91241126772968,26196360
2019-12-12,38.09269332885742,38.276292841829374,37.279605959820486,37.419491779485924,29598985
2019-12-13,39.841270446777344,39.9811562759386,38.29378158566393,38.29378158566393,50920485
2019-12-16,39.78881072998047,40.30464033375507,39.45658398087496,40.30464033375507,33230330
2019-12-17,40.059844970703125,40.558188479216625,39.6926458950159,39.867500691928974,29704715
2019-12-18,39.03692626953125,40.11229916540914,38.65223775269807,40.042354585933616,36455045
2019-12-19,38.99320983886719,39.38663976660877,38.76589662236158,38.97572702887082,23778445
2019-12-20,40.21721267700195,40.50572906446558,39.15932592658425,39.16806733144325,44774170
2019-12-23,39.509037017822266,40.71555427698797,39.22052397864799,40.077325026851156,39208980
2019-12-24,39.47406768798828,39.8587528482618,39.30795098855352,39.6576671961774,24140345
2019-12-26,38.512351989746094,39.49155275796304,38.38995231061162,39.46532520818884,33353670
2019-12-27,39.20303726196289,39.9112110780046,38.8183521036358,38.8183521036358,85920900
2019-12-30,38.77463912963867,39.342927189769625,38.468639918885856,39.29046875286574,30282100
2019-12-31,38.70469665527344,39.08064043664706,38.591038379822045,38.757155090514345,25782135
2020-01-01,38.75715255737305,39.05440699888638,38.43366389724218,38.83583520238003,21079405
2020-01-02,40.0161247253418,40.18223808929176,38.63474937674207,38.88829345998748,35167265
2020-01-03,38.75715255737305,39.95492506838836,38.58229445313978,39.83252539596736,33234705
2020-01-06,36.2741813659668,38.599785439117476,35.95069266525681,38.564813146855634,68253435
2020-01-07,36.37908935546875,37.471948308299986,35.793315222477965,37.314576352281016,71112745
2020-01-08,36.33538055419922,36.615152216962876,35.05017718546902,35.40863483683128,75706970
2020-01-09,37.32331848144531,37.72549311860647,36.8512059393585,37.34954936471857,43343815
2020-01-10,37.44572448730469,38.22383960553662,37.104749658568956,37.43697974713288,46604810
2020-01-13,37.79543685913086,37.909095133791915,37.34955183567768,37.59435119481738,29443200
2020-01-14,37.690521240234375,38.12766483460473,37.43697715506575,37.80417950861013,29424470
2020-01-15,38.1451530456543,38.36372485468372,36.55395054273139,37.25337966459732,58347755
2020-01-16,38.3112678527832,38.9582418991705,37.68177995198921,38.24132660555124,41565620
2020-01-17,38.748409271240234,39.1156116374175,37.73423623081601,37.78669466459592,41848320
2020-01-20,38.267547607421875,39.10686244141618,37.88286247562632,38.86206311528635,28176560
2020-01-21,38.320011138916016,38.69595158191086,37.769209246624065,37.996522460428054,30337915
2020-01-22,38.27629470825195,38.730924478118474,37.87412337399582,38.529838810990405,22607940
2020-01-23,38.59103775024414,39.64892449678533,37.96154987818739,38.302524698978864,69551335
2020-01-24,38.25880813598633,39.20303995558635,38.03149492116103,38.80086862581944,36472495
2020-01-27,36.7812614440918,37.97029254407584,36.53646210061541,37.7517207487888,32472815
2020-01-28,35.600982666015625,37.061040968633556,35.43486593172718,36.89492756948675,53997130
2020-01-29,35.68840408325195,36.35286423868323,35.59223195534945,35.994403276449866,29002775
2020-01-30,35.36492156982422,35.793320474515156,34.99771917351922,35.58349339246202,35498265
2020-01-31,35.43486022949219,35.90697613232521,35.04143364560576,35.6709181809087,35071730
2020-02-03,32.689598083496094,33.91360150538256,32.52348471508421,33.572630028823895,50795375
2020-02-04,32.47102737426758,33.686286097294634,32.31365540515634,33.22291492998993,53521590
2020-02-05,32.173770904541016,32.87320005428601,31.981429972824433,32.523487146984145,50771180
2020-02-06,33.144229888916016,33.99228959825174,32.19125664223338,32.374856166375785,83861555
2020-02-07,33.2229118347168,33.773713675289684,32.68085473335821,33.2141704306433,56097535
2020-02-10,32.72457504272461,33.5376625267841,32.514744615972496,33.2141771483852,33119950
2020-02-11,32.80325698852539,33.476458550069545,32.63714361690063,33.03057019891407,32454405
2020-02-12,32.29616928100586,33.17920125660241,31.97268393768747,33.039315432318155,39663985
2020-02-13,31.998910903930664,32.79451214037661,31.92896966063465,32.43605451373923,41693935
2020-02-14,31.52680206298828,32.43605834405534,31.395657630502676,32.051373122647796,43026875
2020-02-17,30.565078735351562,31.7016513920225,30.460165208541863,31.61422400887123,34295790
2020-02-18,30.215368270874023,30.600053456533924,29.297363999065087,30.600053456533924,45685570
2020-02-19,30.363996505737305,30.83611243226436,29.988052712592562,30.49514093037524,33534570
2020-02-20,30.18913459777832,31.019708067638003,29.926849116543902,30.320279005965947,36447470
2020-02-24,28.947650909423828,30.023023809183805,28.75530665031288,29.90062412980088,29552570
2020-02-25,28.484281539916992,29.139997008127146,28.388109404290223,29.12251086209125,36720300
2020-02-26,27.959705352783203,28.51924864911435,27.819819528700418,28.239477000948774,34750630
2020-02-27,27.19907569885254,28.055876766392778,26.971760823624827,27.872275584736716,42492595
2020-02-28,25.127016067504883,26.35101791821688,24.506272903081257,26.22861823341687,47397655
2020-03-02,24.156557083129883,25.86141796524606,23.815585573734914,25.58164629932499,50563580
2020-03-03,24.786043167114258,25.092044029438245,24.095355458795243,24.436328610559936,64330055
2020-03-04,24.287700653076172,24.86473011055661,23.64072828158509,24.829757819765984,53014175
2020-03-05,24.32267189025879,25.06581641261223,23.42215705808696,24.436330170626718,70901150
2020-03-06,22.818899154663086,23.203586038491142,22.27684028801579,22.73147009003343,41370245
2020-03-09,21.27140998840332,22.355526042644676,20.982895245480787,21.85718254737582,47125960
2020-03-11,20.39712142944336,21.64735246091342,20.161063472262875,21.27140867745648,50207515
2020-03-12,17.223459243774414,19.1818624554381,16.96991514449504,18.884604661317038,75893680
2020-03-13,18.77968978881836,19.129404356403594,14.33831061155939,15.59728472243683,92226460
2020-03-16,17.424545288085938,17.97534552592552,17.048601500996263,17.433288360759022,59893600
2020-03-17,17.345857620239258,18.342544462372278,17.136028899136015,17.59065862864493,60660935
2020-03-18,16.76008415222168,17.800486291638375,16.174311715289463,17.748027863803003,61231620
2020-03-19,17.319629669189453,18.351288873941623,15.684713472563333,15.85082684666572,84946910
2020-03-20,16.83003044128418,18.00157555086234,16.69014460738565,17.450773620762554,102006415
2020-03-23,13.306652069091797,15.99945587647138,13.114308642212794,15.99945587647138,32745650
2020-03-24,14.058539390563965,14.513169176214921,12.878251229480796,13.857453716454343,57422840
2020-03-25,14.626824378967285,15.160140101789027,13.464022475776801,13.551451528831748,39127405
2020-03-26,15.282539367675781,15.990713177708255,14.495681246321254,14.688023823852667,49627050
2020-03-27,15.7459135055542,16.698886737401594,15.3349991001295,15.815856418553523,61774090
2020-03-30,15.186370849609375,15.658485115608748,14.810427050856353,15.562312980791745,28873640
2020-03-31,15.824600219726562,16.11311495757899,15.177627827802047,15.737171157559322,32821275
2020-04-01,15.772141456604004,16.07814063416957,15.431168323991665,15.999454654918297,31372945
2020-04-03,14.714254379272461,15.544827935408039,14.60059777028357,15.387455963292194,27553360
2020-04-07,15.177626609802246,15.387455341622534,14.548138746770855,15.238826448136848,36936870
2020-04-08,15.282539367675781,16.21802637498609,14.74048225482796,14.897854212612954,42173265
2020-04-09,16.051916122436523,16.26174488427331,15.142656486906345,15.457400463446909,56099065
2020-04-13,15.439913749694824,15.964486468818269,15.151399004312537,15.903286623975163,34279490
2020-04-15,15.116427421569824,16.086885139528174,15.0115122173624,15.55357104855467,55040455
2020-04-16,15.01151180267334,15.317512666623657,14.827910617274927,15.212597465314486,56463465
2020-04-17,15.186370849609375,15.763400323370083,14.600598302904336,15.562312980791745,83183325
2020-04-20,16.086885452270508,16.46282924559743,15.055226205718672,15.387456302525516,116917710
2020-04-21,14.722996711730957,15.702197450559188,14.670539946186357,15.702197450559188,66076800
2020-04-22,14.495682716369629,14.775454372995194,13.909910184970874,14.714254531554678,102445500
2020-04-23,14.626824378967285,14.985281995679133,14.469452416982477,14.670539739280002,44754850
2020-04-24,14.224654197692871,14.810426731777925,14.172195761157049,14.4344829411243,38310380
2020-04-27,14.242140769958496,14.591855352823112,14.076025717758803,14.425740300623419,34768755
2020-04-28,14.679283142089844,15.037740766878303,14.18968110097883,14.460711338312953,58543460
2020-04-29,15.282539367675781,15.422425181802344,14.74048225482796,14.862881925296092,80530965
2020-04-30,15.369969367980957,15.946998803795523,15.282540311857725,15.466141496473567,71388515
2020-05-04,14.23339557647705,14.967796924868399,14.014823786302731,14.950310781437553,60112810
2020-05-05,13.953624725341797,14.591854859734278,13.901167122792089,14.513168872802368,51510945
2020-05-06,14.189681053161621,14.285853180121935,13.472765806000606,14.076024449311676,50205615
2020-05-07,14.224654197692871,14.46071215939221,13.96236785151093,14.014825454261443,29104330
2020-05-08,13.96236801147461,14.530655240343771,13.901167335266965,14.338310972650019,37986260
2020-05-11,13.78750991821289,14.145967546530668,13.72630924557881,14.006081724141806,35872110
2020-05-12,13.953624725341797,14.09351138754592,13.289166206567115,13.804995824200478,45927470
2020-05-13,15.571054458618164,15.780883185075067,14.259623667584652,14.513167754284963,111086770
2020-05-14,15.09019947052002,15.737171892665561,14.976541184122267,15.212599162729227,67809370
2020-05-15,14.679283142089844,15.308769336641902,14.539395653507752,15.203854137097963,50329990
2020-05-18,13.568938255310059,14.810426192775267,13.376594830605303,14.792940047899707,67059495
2020-05-19,13.359108924865723,13.883681607528752,13.271680700278747,13.83122400574833,50588615
2020-05-20,13.525223731994629,13.691337939448537,13.245451250377386,13.359108690755441,42202100
2020-05-21,13.586423873901367,14.102252652625907,13.481509503629326,13.638881475930036,54867785
2020-05-22,13.50773811340332,13.988596277188746,13.385338429600518,13.50773811340332,62119840
2020-05-26,13.778766632080078,13.857452614399262,13.507737230067915,13.691337577550927,35218675
2020-05-27,14.626824378967285,14.714253432022232,13.76128025562133,13.83122316455119,67379380
2020-05-28,14.565625190734863,14.967798185668952,14.478196133786534,14.714254087275854,62299320
2020-05-29,14.653054237365723,14.740483294252492,14.058538651620369,14.33831029960158,57054140
2020-06-01,16.078142166137695,16.174314298290668,14.862883409240073,14.889112627346503,112545425
2020-06-02,16.113113403320312,16.550257004419308,15.859569314249054,16.305455987478492,85990870
2020-06-03,16.987401962280273,17.71306033135919,16.095628544596604,16.235514374715144,168753555
2020-06-04,17.02237319946289,17.6343749789643,16.63768798655925,16.9087165837347,134266840
2020-06-05,18.23763084411621,18.56111616218869,17.136028813172572,17.24094233941267,150082405
2020-06-08,17.590662002563477,18.867120717661084,17.415803867654134,18.867120717661084,126715255
2020-06-09,17.58191680908203,18.438717898171426,17.345858855688864,17.678087270872517,108548355
2020-06-10,18.333803176879883,18.499918222610763,17.442031442194946,17.6168878930327,95924190
2020-06-11,17.660602569580078,19.111919226186124,17.57317351377611,18.39500397022055,162741200
2020-06-12,18.141460418701172,18.29008931774998,16.524028674363095,16.524028674363095,114883185
2020-06-15,17.957860946655273,18.185174164588357,17.345859203563016,18.09774677349283,92740945
2020-06-16,17.739290237426758,18.622318948937572,17.2584312186317,18.53489155240274,101512385
2020-06-17,17.61688804626465,18.027804127827263,17.38083008463131,17.660603410032277,107996805
2020-06-18,18.080259323120117,18.185172851889796,17.398314715835323,17.398314715835323,68716865
2020-06-19,18.77094841003418,18.972035763665673,18.115232911302474,18.237634271680502,146052715
2020-06-22,19.55780601501465,19.97746348404296,18.78843232089219,18.875861377165727,157462280
2020-06-23,19.890033721923828,20.239748267036962,19.592775941685044,19.88129064984969,98143725
2020-06-24,19.14689064025879,20.685636416341705,18.884605129564115,20.265978932201985,148101775
2020-06-25,18.32505989074707,18.59609013788005,17.83545949950551,17.887916267388746,182314160
2020-06-26,18.27260398864746,18.78843362205672,18.02780461521301,18.53489117563237,91915145
2020-06-29,17.835458755493164,18.211402522709992,17.52071649375275,18.176431901436843,63729455
2020-06-30,17.58191680908203,18.272602856794318,17.494487752169317,18.097746410539447,56480745
2020-07-01,18.447460174560547,18.534889227700457,17.398314872022603,17.590659122444503,92022055
2020-07-02,18.28134536743164,18.6660322054833,18.097745854370704,18.491174097031497,58977415
2020-07-03,18.010316848754883,18.42997430908726,17.887915505480056,18.421231236884022,45125230
2020-07-06,18.342546463012695,18.473689219559795,18.0802609499185,18.202660633686374,72770115
2020-07-07,18.27260398864746,18.395005342935352,17.800489720187688,18.360033050975765,79299585
2020-07-08,19.05946159362793,19.846321461381233,18.272603393445237,18.325060162105256,242848195
2020-07-09,18.998262405395508,19.46163526927247,18.596091052558293,19.1906066763791,115238010
2020-07-10,18.290088653564453,18.954547138855272,18.0977460660739,18.79717517292185,111469535
2020-07-13,18.080259323120117,18.561116609717164,17.966601054787414,18.36003095659989,78027570
2020-07-14,17.643115997314453,18.062773453918222,17.450771745693185,18.02780283298649,74533500
2020-07-15,17.730545043945312,18.071516518853905,17.6518590624171,17.809231025473526,48865450
2020-07-16,17.730545043945312,17.87043086275758,17.284658371142267,17.87043086275758,31390920
2020-07-17,17.879173278808594,17.984086805282775,17.678085962520612,17.748028869360212,20753570
2020-07-20,18.010316848754883,18.185173290108118,17.896658577683294,18.010316848754883,25895585
2020-07-21,18.1851749420166,18.272604004420373,17.966603119792506,18.1851749420166,34124940
2020-07-22,17.852943420410156,18.412486654974348,17.730543754741834,18.30757313227875,63931615
2020-07-23,17.879173278808594,18.08025892752614,17.71305824972563,17.85294406340483,42969245
2020-07-24,17.704315185546875,17.887914690740956,17.380828199042927,17.695572113741857,50916700
2020-07-27,17.43328857421875,17.791746220351342,17.22345983020728,17.730546378460993,49952315
2020-07-28,17.555686950683594,17.695572769607725,17.39831498750132,17.50323018547967,30998905
2020-07-29,17.52945899963379,17.949118154269144,17.468259157883175,17.651860350705636,38440075
2020-07-30,17.372089385986328,17.730547045606574,17.293403395574988,17.616888762758776,46959045
2020-07-31,17.809232711791992,17.914146252049985,17.197230945861293,17.345859850868997,71265050
2020-08-03,17.800491333007812,18.05403380240447,17.62563319250812,17.800491333007812,53008280
2020-08-04,18.26386070251465,18.360032836710502,17.721803524032282,17.85294628220894,73924085
2020-08-05,18.036544799804688,18.508660703879332,17.90540204897414,18.35128873585445,42662940
2020-08-06,17.91414451599121,18.42997409705419,17.748029481181824,18.386260404111425,103639025
2020-08-07,17.81797218322754,17.96660107210322,17.748029274790188,17.835458327229496,23016990
2020-08-10,17.809232711791992,17.949118543849753,17.75677427409234,17.81797411717128,17673420
2020-08-11,17.7218017578125,17.94037355551348,17.58191594068951,17.852944502918994,21088445
2020-08-12,17.879173278808594,18.25511536083992,17.748028869360212,17.83545791980232,53033790
2020-08-13,17.8616886138916,18.054031206731032,17.765516483686596,17.957860744096603,16898555
2020-08-14,17.71306037902832,18.045288809561285,17.590660694237854,17.984088967166052,20831055
2020-08-17,17.494487762451172,17.817973105376616,17.293402098733132,17.817973105376616,51045360
2020-08-18,17.844202041625977,17.949117241844213,17.459515197586487,17.564430397804724,40473320
2020-08-19,18.473690032958984,19.094434887050312,17.914146691016928,17.914146691016928,166267655
2020-08-20,18.1851749420166,18.674777024449458,18.019061557777167,18.360033066824144,42237255
2020-08-21,18.23763084411621,18.596088449315676,18.167687937432667,18.438716492385094,24051240
2020-08-24,18.097747802734375,18.44746238971697,18.027804885337854,18.44746238971697,23643705
2020-08-25,18.657289505004883,18.928318077691305,18.25511651458162,18.27260265928927,108345175
2020-08-26,18.58734703063965,18.849632537137254,18.534890262854244,18.70974671132912,27044390
2020-08-27,18.45620346069336,18.82340415408352,18.36003133436697,18.762202648876404,38658330
2020-08-28,20.073633193969727,20.265977444088044,18.58734596321907,18.58734596321907,236833790
2020-08-31,18.79717445373535,20.88672028962106,18.58734572970909,20.563234965419493,151886675
2020-09-01,18.666032791137695,19.400434201564597,18.11523089953224,18.884604599774974,87124235
2020-09-02,18.840890884399414,18.96329224188345,18.237633840480246,18.89334932370859,65414880
2020-09-03,18.58734703063965,19.068204348408788,18.447461204831512,18.92831852260065,51895090
2020-09-04,18.054031372070312,18.351289170362097,17.870431850074525,18.167689648366306,44597315
2020-09-07,17.81797218322754,18.115229960978905,17.748029274790188,17.96660107210322,25544090
2020-09-08,17.459514617919922,17.905401285795286,17.398314781312212,17.81797223311121,26227650
2020-09-09,17.074831008911133,17.389573292632885,16.733857839154172,17.389573292632885,33006780
2020-09-10,17.546945571899414,17.64311770702966,17.1622586989491,17.249687761106536,29059115
2020-09-11,17.63437271118164,17.966601110068474,17.18848604361239,17.59065901865485,61507820
2020-09-14,17.555686950683594,17.992830551714132,17.459514824834315,17.835458588531857,27021515
2020-09-15,17.58191680908203,17.748030182888577,17.442030985049907,17.651859721098095,22499970
2020-09-16,17.52945899963379,17.695574046935896,17.450773012362824,17.651860350705636,16038510
2020-09-17,17.415800094604492,17.53819976198127,17.337114117699304,17.389570879779296,9908410
2020-09-18,17.2584285736084,17.573172489122435,17.17974259472989,17.485743438416264,18406695
2020-09-21,16.725114822387695,17.302145957547893,16.611458210468204,17.23220137474127,25007105
2020-09-22,15.649739265441895,16.672655272411664,15.38745379394005,16.672655272411664,81079205
2020-09-23,15.413683891296387,16.03442872234517,15.090198534083182,15.89454289205233,57641025
2020-09-24,14.565625190734863,15.160140776898826,14.425739366645761,15.037741097713504,48689115
2020-09-25,15.230084419250488,15.300027334648915,14.382026361598236,14.731740938590368,43708910
2020-09-28,15.912029266357422,16.016942806799143,15.352484269575822,15.474885623518709,36135345
2020-09-29,15.632255554199219,16.04317163572446,15.30877020020128,16.03442856297173,35907870
2020-09-30,15.53608512878418,15.675970958044301,15.334999457669083,15.614771116189326,25688810
2020-10-01,15.684714317321777,16.09562873983296,15.562312963805377,15.562312963805377,34357215
2020-10-05,15.780884742736816,16.314200517354255,15.562312922656966,15.562312922656966,58242410
2020-10-06,15.973228454589844,16.078141990729776,15.69345680145591,15.964485381983085,24080585
2020-10-07,15.640998840332031,16.060658000335145,15.562312852054614,15.815856962630882,36288465
2020-10-08,15.675971031188965,16.12185773937511,15.52734212846025,15.798370715470037,46625250
2020-10-09,16.14808464050293,16.392885666785666,15.518598431223763,15.719684095186064,74475485
2020-10-12,15.7459135055542,16.62894382440227,15.614770752126791,16.218027751406986,66203890
2020-10-13,15.632255554199219,15.868313515811087,15.562312639747992,15.702198468650444,22470070
2020-10-14,15.483627319335938,15.667228519908702,15.335000078850843,15.571056383057698,27864535
2020-10-15,15.334999084472656,15.763399634602441,15.282540649098785,15.544827823256393,23929160
2020-10-16,15.361226081848145,15.50985497491819,15.221340261025812,15.4049414430867,16692555
2020-10-19,15.632255554199219,15.842085965123514,15.439912956351002,15.448656029103732,27593950
2020-10-20,15.518597602844238,15.61476972724498,15.39619793002182,15.39619793002182,14297385
2020-10-21,15.527342796325684,15.84208676095271,15.335000188815112,15.684714778639197,21420035
2020-10-22,15.439913749694824,15.536085887345823,15.387456978053692,15.492370521335959,12004835
2020-10-23,15.658483505249023,15.719683341994743,15.431168634786003,15.492368471531723,15813620
2020-10-26,15.684714317321777,15.824600149137101,15.562312963805377,15.658485098517408,31894935
2020-10-27,15.413683891296387,15.702198624721698,15.247570510055285,15.68471414661307,29603070
2020-10-28,15.212596893310547,15.457397908780226,15.116426435594645,15.413682548390737,25076275
2020-10-29,14.985282897949219,15.256313145495449,14.749226608329447,15.212597782550612,39339650
2020-10-30,15.072711944580078,15.387455887256488,14.836653987572772,15.282540683840823,63274485
2020-11-02,15.273796081542969,15.509854014908377,15.081453506710275,15.212596247167584,46257295
2020-11-03,15.4923677444458,15.6147690797632,15.247568408951812,15.387454219968493,30562450
2020-11-04,15.632255554199219,15.737170759661366,15.17762744405156,15.518598943554958,31797390
2020-11-05,15.999455451965332,16.235513401478887,15.675970114546491,15.772142242326947,60190580
2020-11-06,16.095626831054688,16.349170913383862,15.929511800134556,16.051913139135394,49426100
2020-11-09,16.209287643432617,16.384144106137207,15.999457220073962,16.226772122403574,37466380
2020-11-10,16.838773727416992,17.074831700446694,16.24425809204027,16.30545793669893,95358695
2020-11-11,16.497800827026367,17.08357334007301,16.305456568444434,16.952428921014214,52049865
2020-11-12,16.06939697265625,16.54151283084026,16.016940210937047,16.497799140669322,52433705
2020-11-13,15.999455451965332,16.034427741183872,15.789626719365684,15.83334208088886,27605790
2020-11-14,16.095626831054688,16.26174186197482,16.051913139135394,16.095626831054688,3697910
2020-11-17,16.165569305419922,16.39288416596306,16.095626399681297,16.19179852041081,30848225
2020-11-18,16.497800827026367,16.559000666549505,16.11311397743306,16.156827672072282,38849240
2020-11-19,16.314197540283203,16.66391205507972,16.261740779956313,16.427855799823536,34435280
2020-11-20,16.314197540283203,16.4365972035694,16.156825591732183,16.39288351455871,25085705
2020-11-23,16.41037368774414,16.515287234165747,16.200544927330174,16.506544160702155,30449485
2020-11-24,16.305458068847656,16.57648666920572,16.174315305291866,16.55025911703699,50433750
2020-11-25,16.873743057250977,17.625630616929524,16.436599437450997,16.436599437450997,182263240
2020-11-26,17.48574447631836,17.55568738752081,16.83002905845642,16.89122889731225,76958640
2020-11-27,18.150203704833984,18.482432129667256,17.520717478405917,17.520717478405917,149403040
2020-12-01,19.216835021972656,19.33049330817281,18.158948158127746,18.351290769489346,130787035
2020-12-02,18.491174697875977,19.321748238654585,18.193916904391248,19.225576109124066,147471520
2020-12-03,19.225574493408203,20.00368953401167,18.62231588467282,18.639802028130752,188282490
2020-12-04,19.44414710998535,19.933747474614737,18.473687785256494,19.409176489154216,233679705
2020-12-07,20.52826499938965,20.860495100684517,19.470378187663254,19.575291727756944,145330060
2020-12-08,23.955469131469727,24.6286706808851,20.580721647357908,20.720607467032465,362962275
2020-12-09,22.407981872558594,25.642845420713325,22.2068962017866,24.698615241033284,402468200
2020-12-10,21.4200382232666,21.935867848579488,21.026608282749777,21.533694835209996,253452900
2020-12-11,21.900894165039062,22.364266991352306,21.507465917101133,21.507465917101133,119377350
2020-12-14,22.276836395263672,22.381751588000057,21.944608008810878,22.198150417603987,55638385
2020-12-15,21.33260726928711,21.682321814507457,20.353406542670132,21.594894428880238,436930035
2020-12-16,20.974151611328125,22.005810866780326,20.738093645913676,21.66483936178433,195322435
2020-12-17,21.69980812072754,21.97957975899331,20.982892880778877,21.157750988480235,170924845
2020-12-18,21.262664794921875,22.067009099157364,20.720607655641526,21.909637133698386,113136495
2020-12-21,19.085691452026367,21.227695977088832,18.39500536085821,20.458322228934936,231056170
2020-12-22,20.143577575683594,20.545748881005622,18.43871689512515,19.339233297469065,290327130
2020-12-23,21.10529327392578,21.297637532457628,20.012434232524146,20.17854927373695,105124350
2020-12-24,21.114036560058594,21.463751123332433,20.720608301714492,21.31512222549473,80200235
2020-12-28,21.900894165039062,21.98832322043767,21.009122469170766,21.122779073889582,104975770
2020-12-29,22.09324073791504,22.425469182194426,21.498725099927047,22.032040892987578,106589165
2020-12-30,22.61781120300293,22.853867485966422,21.612379562040324,22.20689514076135,228498505
2020-12-31,22.547866821289062,22.731466325794365,22.320551957922667,22.679009562731483,70687655
2021-01-01,23.308496475219727,23.509582129765892,22.381752515840027,22.539124477683284,165284170
2021-01-04,23.430896759033203,23.780612980045767,22.801410562837543,23.605754869539485,144495945
2021-01-05,23.675697326660156,23.91175527105019,22.78392398178924,23.25603987056931,166935235
2021-01-06,23.09866714477539,24.007924936275987,22.39923807439032,23.78061173907867,198688600
2021-01-07,23.25604248046875,23.605757066457688,23.046213728875383,23.430898939677878,94819285
2021-01-08,22.906326293945312,23.58826927208165,22.845124786549235,23.430897302490013,100987895
2021-01-11,22.539127349853516,23.1336413171965,22.40798291989202,22.90632808509016,100857225
2021-01-12,24.33141326904297,24.628671057287043,22.25935182364404,22.52163899022027,224433340
2021-01-13,25.319358825683594,25.51170309450843,23.78061468050879,24.462557691591325,324462290
2021-01-14,25.013357162475586,25.73901546703974,24.85598520069075,25.013357162475586,168398490
2021-01-15,24.0079288482666,25.354332112611644,23.693186549092612,25.109531064302352,161771090
2021-01-18,23.238554000854492,24.78604276448663,22.90632559441728,24.252727032172945,167950745
2021-01-19,24.226499557495117,24.471300594493954,23.404670720742395,23.51832733260968,107299815
2021-01-20,24.821014404296875,25.109529129052785,24.042899288227726,24.21775740462489,140015620
2021-01-21,23.798097610473633,25.354329467787352,23.430896910099406,25.004614912090602,148362995
2021-01-22,23.291011810302734,24.217757496109748,22.906326620888727,23.95547032052319,146861220
2021-01-25,23.36969566345215,24.200269142320415,23.05495341607117,23.588267456041645,132229940
2021-01-27,22.94129753112793,24.261471495495815,22.748954934011582,23.42215652527472,248009810
2021-01-28,22.37301254272461,22.679013436741357,21.629867990847,22.679013436741357,238782890
2021-01-29,23.0811824798584,23.77187019023788,22.338038002731917,22.740210994647065,181546180
2021-02-01,24.87347412109375,25.057073651955214,23.08118417219162,23.45712797451253,278047210
2021-02-02,25.62535858154297,26.34227385276441,24.663642282375186,25.1794718882678,249047850
2021-02-03,26.761932373046875,27.31273258864081,25.38930170265149,25.878902079576157,286683105
2021-02-04,28.35313606262207,28.63290771855698,26.46467571749083,26.78816106932659,310688515
2021-02-05,28.125818252563477,30.110450641194728,27.627476471792797,29.148736033728795,345454315
2021-02-08,27.70616340637207,28.632907424015873,27.548791434634886,28.396849466410096,107651075
2021-02-09,27.21656036376953,28.388107036915663,27.015474703837885,27.70616240652119,150625300
2021-02-10,28.090848922729492,28.230734742583188,26.893074714215423,27.36518893932901,163381960
2021-02-11,27.59250259399414,28.21324735128441,27.461359852123657,27.977189415375275,88013255
2021-02-12,27.470104217529297,28.27444851780183,27.3039891806332,27.732389713621647,106126145
2021-02-15,28.423076629638672,28.729079163912687,27.54004798704012,27.776105941431688,114925545
2021-02-16,28.431821823120117,29.017592680842295,27.994678197306722,28.78153472268612,143555370
2021-02-17,29.070051193237305,29.454736384316533,28.32690836145163,28.40559434771115,237259260
2021-02-18,29.445993423461914,30.530107693379342,28.91267769311854,29.376048845975102,282764875
2021-02-19,27.977191925048828,29.585880594144783,27.67119105485449,29.201195405826184,161413225
2021-02-22,27.050447463989258,28.15204957800553,26.840618728115285,27.977191464325276,82717840
2021-02-23,27.85479164123535,28.099590998037016,27.102904090897553,27.102904090897553,101122890
2021-02-24,28.125818252563477,28.624165036045753,27.16410364509754,27.872275826026076,86205500
2021-02-25,28.589191436767578,29.00884888271198,28.396847190031885,28.501760717732758,84248020
2021-02-26,27.487592697143555,28.09959279587459,27.102905824966186,27.977193109642513,102290685
2021-03-01,27.408905029296875,27.977191396014305,27.1203903097283,27.8460486448596,67907515
2021-03-02,27.758621215820312,28.36187824001719,27.435134187605648,27.60999231111152,89081495
2021-03-03,28.991365432739258,29.201195842779043,27.92473557496164,27.97719234368628,134824005
2021-03-04,29.472219467163086,30.1541657222652,28.291933131054616,28.589190899909166,158072265
2021-03-05,27.907249450683594,29.236164820662346,27.49633503814965,29.20119586491356,155722910
2021-03-08,28.21324920654297,28.816506192330507,27.977191255111038,28.326907479856363,81364795
2021-03-09,27.968448638916016,28.720334532212824,27.548791163461438,28.46679376703522,75612295
2021-03-10,28.187021255493164,28.45804815742627,27.933477162921317,28.22199020935673,49132145
2021-03-12,27.452619552612305,28.711593670360802,27.199077115068235,28.458049565246125,79507070
2021-03-15,27.679935455322266,27.802335142243617,26.534619572866387,27.54004962239196,78056920
2021-03-16,27.548791885375977,27.95970629908025,26.971762424612265,27.802334324768214,77430805
2021-03-17,26.27233123779297,27.653705028315354,26.0887317154311,27.470105505953484,87762375
2021-03-18,25.63410186767578,27.067932422066797,25.02210179406599,26.7182178560654,101310520
2021-03-19,26.403472900390625,26.64827223795819,24.72484148640119,25.266898591789726,119483480
2021-03-22,26.22861671447754,26.971761188235178,25.79147310256958,26.403474826268937,95556770
2021-03-23,26.901817321777344,27.356447062235123,25.983814768825614,26.394730816673043,107108145
2021-03-24,25.940101623535156,27.041703709778055,25.80021580314595,26.691989158805036,69870025
2021-03-25,25.07455825805664,26.316046202987092,23.964213065340346,25.983816118635957,167465350
2021-03-26,25.5554141998291,25.96633024695863,25.231928872908494,25.704043089043306,82874275
2021-03-30,25.712787628173828,26.14118817621816,25.319357702637923,25.87890267090794,65449225
2021-03-31,26.613304138183594,27.172847439962087,25.433016026870327,25.69530153268635,125375210
2021-04-01,27.33896255493164,27.522562075971702,26.33353255656466,26.997989395389187,93341790
2021-04-05,25.660329818725586,27.277761482653357,25.32809974674708,26.971760627169104,112670590
2021-04-06,25.8789005279541,26.211128918340922,25.467984491405414,25.8789005279541,74317510
2021-04-07,26.167417526245117,26.75319004746918,25.730273903468074,25.791473743845565,97050120
2021-04-08,25.739015579223633,26.473416959040115,25.625357309630097,26.368501761536123,65429150
2021-04-09,26.010046005249023,26.893076338644942,25.529188678902916,25.704045130496677,124922715
2021-04-12,23.11615562438965,25.170731019176625,22.79266860441562,25.170731019176625,139699735
2021-04-13,24.01666831970215,24.121583515406336,23.002495320700362,23.605753943965887,100509615
2021-04-15,23.73689842224121,24.35764323474021,23.360954639224584,23.833070553032606,77774760
2021-04-16,23.465869903564453,24.104099195307867,23.25604116385034,23.736898483915525,69438630
2021-04-19,22.609067916870117,22.696495304326643,21.734780701740668,22.381753040828,100388660
2021-04-20,22.3904972076416,23.256041392823203,22.180668465861572,22.90632682318982,65192495
2021-04-22,22.77518081665039,22.950038923092627,21.874666070913204,21.997065744880477,69547485
2021-04-23,22.818899154663086,23.570785108308417,22.442955344055065,22.469184563715174,103449745
2021-04-26,23.64946937561035,23.745641506448845,23.037469302960577,23.0986691434685,94189475
2021-04-27,24.418842315673828,24.515014443473802,23.53581202357284,23.745640756215074,100327380
2021-04-28,25.02210235595703,25.12701589432807,24.48004351580457,24.48004351580457,83622715
2021-04-29,24.39261245727539,25.336842563119262,24.147813109415807,25.179470600883537,95224395
2021-04-30,24.261472702026367,25.16198922606667,23.868042747938205,24.02541472957347,94299250
2021-05-03,24.261472702026367,24.445072235553717,23.763129205228488,23.946728738755837,68410960
2021-05-04,24.71609878540039,25.9313574224678,24.410097941280917,24.480040848430757,186206435
2021-05-05,25.459243774414062,25.86141508245256,24.8996988373742,25.127013707488757,112023825
2021-05-06,25.08329963684082,25.704042733606165,24.899698462081897,25.704042733606165,55567690
2021-05-07,25.231929779052734,25.511701423486688,24.847242934170776,25.258157328486828,54871900
2021-05-10,25.73027229309082,26.3772446142004,25.2668994816228,25.354328534220414,93566470
2021-05-11,26.246103286743164,26.63078847083824,25.065815181849622,25.17947178906622,163775745
2021-05-12,26.613304138183594,27.225304207611178,25.940102560999733,26.385989254943436,171938420
2021-05-14,25.800216674804688,27.36518996862042,25.51170195205818,27.032961550864364,128223600
2021-05-17,26.840618133544922,26.92804552087781,26.053758306984758,26.053758306984758,83654685
2021-05-18,25.642845153808594,27.566277784189207,25.380559644016056,27.260276911050845,233917065
2021-05-19,25.599130630493164,26.62204675372933,25.529187718971485,25.878902276579886,193909280
2021-05-20,25.77398681640625,26.15867365969351,25.599130373145154,25.86141587182206,77175110
2021-05-21,26.726961135864258,26.840619412927474,25.96633215736072,26.04501814376738,167529175
2021-05-24,26.989248275756836,27.942219848841905,26.71821802625508,27.006732753490336,252063070
2021-05-25,26.307302474975586,27.31273244032507,26.228616492093664,27.242789529715644,115872570
2021-05-26,26.149930953979492,26.622046859300955,26.08873111460165,26.403475051482623,77472255
2021-05-27,26.866846084594727,27.172846947548607,25.992558857623962,26.34227341489816,169949860
2021-05-28,28.30942153930664,28.484279652940593,27.067931934132602,27.295246814828513,302720720
2021-05-31,28.11707878112793,28.615422263734665,27.64496451723705,28.326909195713483,129044965
2021-06-01,27.81107521057129,28.501761227597413,27.601246483845486,28.256961880202553,87632170
2021-06-02,28.64164924621582,28.746566118996178,27.6799345917178,27.802334274820325,119397200
2021-06-03,28.54547882080078,28.98262242702964,28.44056195400431,28.851478011104565,82398320
2021-06-04,28.16953468322754,28.667878120982056,27.950961215408885,28.50176141830322,69208590
2021-06-07,28.134565353393555,28.46679545854765,27.985934779321454,28.326909625084035,47878890
2021-06-08,27.618732452392578,28.239475556564027,27.23404562205549,28.152048171661917,80489370
2021-06-09,27.23404884338379,28.37062332482402,26.814391342961553,27.767364625735386,108230265
2021-06-10,27.44387435913086,27.872274882101383,27.216559489633557,27.470103575154944,56634540
2021-06-11,27.260276794433594,27.889763015785157,27.067932531676004,27.732391043554617,42645950
2021-06-14,27.059188842773438,27.260274493620223,26.228615356134334,27.260274493620223,68858495
2021-06-15,26.989248275756836,27.443876380669245,26.910562289458984,27.120391030396387,31980110
2021-06-16,26.60456085205078,27.27776242382981,26.552104084822844,27.015475252548992,40989310
2021-06-17,26.46467399597168,26.9979880550667,26.141186997608045,26.333531249229313,63495250
2021-06-18,25.77398681640625,26.73570309083913,24.73358622642672,26.578331124604773,95152200
2021-06-21,26.630786895751953,26.744445163816767,25.1444996795012,25.35432840411647,88617150
2021-06-22,26.534618377685547,27.260276728665172,26.403475623666694,26.971762002795455,60366600
2021-06-23,26.569589614868164,26.96301955359174,26.385990088510916,26.70947544473196,58516070
2021-06-24,26.062501907348633,26.788160242881393,25.966331445819606,26.691989781352365,46766895
2021-06-25,26.823131561279297,27.155359963529303,26.11495939623948,26.228615998501972,76494885
2021-06-28,27.44387435913086,27.662446156620135,26.980503215698704,27.067930600638032,96950150
2021-06-29,26.88433265686035,27.583761782530928,26.805646671776092,27.417648407415776,49633635
2021-06-30,26.55210304260254,27.12038939004881,26.490901537739894,27.08541710155587,38862100
2021-07-01,26.858104705810547,27.094162672194713,26.429704137689644,26.68324824993278,53296120
2021-07-02,26.88433265686035,27.225304147178438,26.77941745422448,26.858103439308742,39426895
2021-07-05,27.24279022216797,27.36518990195297,26.831875820339345,27.10290439739352,46783410
2021-07-06,26.840618133544922,27.452618182727743,26.753189078641512,27.22530330700709,43728840
2021-07-07,27.02421760559082,27.129132804824263,26.657016909629554,26.753189036629333,28098935
2021-07-08,26.54336166381836,27.338962934512782,26.34227432729655,27.102904974837575,41787425
2021-07-09,26.438446044921875,26.63078863817804,26.228617306577725,26.385989277228482,33389935
2021-07-12,26.534618377685547,26.901819089480693,26.403475623666694,26.700733422147078,37441635
2021-07-13,26.814390182495117,26.8755900235451,26.552104672975016,26.709474978144716,29357725
2021-07-14,26.50838851928711,26.893075367007764,26.447188680061892,26.74444647135914,40916345
2021-07-15,26.32478904724121,26.657017461141354,26.10621723958911,26.639531316312254,40509370
2021-07-16,26.4559326171875,26.622047663064475,26.25484694814046,26.5608461542683,27585325
2021-07-19,25.90513038635254,26.35101708228425,25.739017010128034,26.35101708228425,37632230
2021-07-20,25.25815773010254,25.966331592353118,25.100785760713524,25.913873157509734,44843980
2021-07-22,25.336843490600586,25.616615137007436,25.25815750660234,25.494215458597075,22077260
2021-07-23,25.53792953491211,25.581644897548507,25.153244349135253,25.35433001455096,27940715
2021-07-26,25.642845153808594,25.765244836035695,25.40678719445295,25.56415916735671,25636135
2021-07-27,26.018789291381836,26.33353324143113,25.616616281033224,25.70404534133254,88155180
2021-07-28,25.048330307006836,26.316047533503,24.84724463227371,26.2373615446821,98948435
2021-07-29,26.167417526245117,26.40347548276166,24.98712941123298,25.161987527372034,124721770
2021-07-30,26.788162231445312,27.111649264885127,26.02753321732115,26.1674190513571,95929250
2021-08-02,27.207820892333984,27.583763022043765,26.95427678065345,27.050448915093742,75713775
2021-08-03,27.47884750366211,27.575019631177568,27.067931444329158,27.27776184392117,70009910
2021-08-04,27.41765022277832,27.898507570068784,27.19033532499189,27.592506681988176,97791080
2021-08-05,27.33896255493164,27.443876090505796,26.578331917951406,27.242790424346513,65215995
2021-08-06,27.513818740844727,27.767362839942066,27.1990764695553,27.365189843890906,48439680
2021-08-09,27.050447463989258,27.62747690453532,26.691989831758235,27.452618790855066,34579170
2021-08-10,26.718217849731445,27.330219590766742,26.289817298034972,26.928046589282538,39908735
2021-08-11,26.945533752441406,27.067933438244346,26.359761207059172,26.718218859114053,27092590
2021-08-12,27.22530174255371,27.34770307941312,26.849357995371353,26.954273188740782,28940720
2021-08-13,27.277761459350586,27.505074665157895,26.928045243341334,27.286502863937365,55109985
2021-08-16,27.53130531311035,28.01216430133992,27.050447992451375,27.102904760552033,89187445
2021-08-17,26.69198989868164,27.365189802626222,26.534617929488952,27.365189802626222,138480310
2021-08-18,27.47884750366211,27.732389929515783,26.403474626713063,26.68324626940837,172405390
2021-08-20,26.718217849731445,27.129133923809935,26.438446196996654,27.10290470602708,57855210
2021-08-23,26.73570442199707,27.04170529740279,25.91387392828273,26.92804701943208,44342855
2021-08-24,27.22530174255371,27.27776017302364,26.53461575040391,26.578329441558424,39847235
2021-08-25,26.412216186523438,27.417647826273377,26.316045726013762,27.260275859440497,157596220
2021-08-26,26.726961135864258,27.12913414056168,26.464675626222473,26.482161771550754,150781535
2021-08-27,26.50838851928711,26.831875527782547,26.438445607662494,26.779417093386172,46886690
2021-08-30,27.146617889404297,27.24279001855691,26.59581766691787,26.75318963550558,64853600
2021-08-31,27.819820404052734,28.414336008896324,26.87559022799839,27.146618812240398,163342355
2021-09-01,28.160791397094727,28.361877063485412,27.48759148493589,27.80233375959113,83001905
2021-09-02,27.819820404052734,28.49302199586507,27.697420721021626,28.26570877525604,91891260
2021-09-03,28.099590301513672,28.580447598372366,27.819818662063486,27.863534022959147,95795720
2021-09-06,27.98593521118164,28.676622983690823,27.933480107286673,28.274451623169554,82329740
2021-09-07,27.295246124267578,28.09959042500709,27.137875827063112,28.09959042500709,78581620
2021-09-08,27.58376121520996,28.17827679358771,27.22530358722994,27.29524649835847,89951525
2021-09-09,27.540048599243164,27.924735459295217,27.391419698830138,27.45261954001716,33803115
2021-09-13,27.41765022277832,27.64496512056475,27.181592251895793,27.452620847592016,33226195
2021-09-14,27.146617889404297,27.609990722738047,27.041704355392863,27.452618754150336,48386370
2021-09-15,28.256961822509766,28.3356478033176,27.19033204693874,27.347704008554402,95019770
2021-09-16,29.15747833251953,29.34108118896538,28.05587786955029,28.25696353599939,189827730
2021-09-17,28.458049774169922,29.944338789893617,27.83730661720748,29.6033672905802,224284535
2021-09-20,27.094161987304688,28.536735632791267,26.997989855082047,27.80233420098526,68590310
2021-09-21,27.094161987304688,27.522562544596422,26.587075443207265,27.330219947721748,71617125
2021-09-22,27.4263916015625,27.819819861157992,27.10290458727366,27.242790413028136,56658945
2021-09-23,28.11707878112793,28.501763983536602,27.62747837142648,27.662448995476975,92340615
2021-09-24,27.57501983642578,28.274448948370093,27.487590780540106,28.152049270672475,37840935
2021-09-27,27.959705352783203,28.283190695635685,27.644963082382215,27.819819528700418,51218570
2021-09-28,28.624164581298828,28.833991642982134,27.96844750947122,27.97719058163644,77002825
2021-09-29,29.40228271484375,30.075484333359054,28.27445130193598,28.29193744808277,176541445
2021-09-30,30.250335693359375,31.037195505007507,29.472220621363434,29.542165198017038,220955680
2021-10-01,30.92353630065918,31.290738646707652,29.376047607961002,30.145421252186615,162352925
2021-10-04,31.841537475585938,31.99016803036984,30.967250296111647,31.019708727530833,125232450
2021-10-05,31.430627822875977,32.06885712568459,31.159597570255375,31.824057758892582,82813145
2021-10-06,30.50387954711914,32.06885441876328,30.329021441966894,31.49182500635953,94984375
2021-10-07,30.573823928833008,31.03719506967031,30.355252132567724,30.871081705159433,58772760
2021-10-08,30.993486404418945,31.290744228958957,30.023026937975335,30.949772705103953,91244705
2021-10-11,30.888568878173828,31.6404530808581,30.69622462380706,31.299481600946862,82634865
2021-10-12,32.70708084106445,32.8731941922756,30.774907117211153,30.94976520725169,210594485
2021-10-13,32.628395080566406,33.16171075786256,32.28742363708609,33.04805249832223,157132885
2021-10-14,33.84365463256836,34.09719870542712,32.680854462271874,32.855712558558636,138845300
2021-10-18,34.78789138793945,35.71463376269146,33.85240427277964,34.23708947219167,184701600
2021-10-19,33.345314025878906,35.23377428703339,33.06554238238499,35.12886075450844,115574880
2021-10-20,34.149662017822266,34.50811966565165,32.63714543868165,33.25788860087427,109093940
2021-10-21,34.901546478271484,35.14634918359639,33.61634644966618,34.46440284000571,142001490
2021-10-22,34.72669219970703,35.557262456464024,34.28954855503858,35.146349698371786,116247380
2021-10-25,35.31245803833008,36.15177291576393,34.77040093021333,34.90154200379563,150329375
2021-10-26,33.808685302734375,36.28291974397432,33.441486270048614,35.49605990944615,300775775
2021-10-27,35.11137390136719,35.635944888547435,34.49063078833766,34.770402426185925,209824795
2021-10-28,34.16714859008789,35.461093367558895,34.0097766124767,35.13760467183517,141097665
2021-10-29,37.506919860839844,38.232576457038206,33.4152557547431,34.03599882736331,361340545
2021-11-01,37.53314971923828,37.76046292351235,36.518976701821295,37.59434955635595,88593570
2021-11-02,39.2117805480957,39.596469060025164,37.419492411145946,37.76920863378344,194794090
2021-11-03,39.509037017822266,40.15601100756068,38.81835267063974,39.29920995935751,155316095
2021-11-04,40.007381439208984,40.39206994780186,39.692640843734424,39.806295780235914,21922315
2021-11-08,42.708927154541016,43.014929666802814,39.998638246741656,40.20846863615377,242141500
2021-11-09,42.455387115478516,43.29470201682053,42.140643193690025,42.8400722781417,115533170
2021-11-10,41.25761413574219,42.69144802756984,40.91664264179128,42.315504243177514,89484360
2021-11-11,40.496986389160156,41.67727287862613,40.103556447624406,41.30133241798228,69272370
2021-11-12,40.35710144042969,40.90790337061927,39.61395857306162,40.74178664992801,75428590
2021-11-15,39.79755401611328,40.715554915356854,39.64018205222684,40.64561367315233,38603600
2021-11-16,38.82709503173828,40.10355356346183,38.64349551727278,39.87624035533422,54766815
2021-11-17,38.477378845214844,39.60521015242791,38.381210053131994,38.643495550471044,76916535
2021-11-18,38.389949798583984,38.98446534559915,37.74297582031187,38.62600773652891,63729300
2021-11-22,37.03480911254883,38.58229797321666,36.090577264626255,38.468639694824226,68737045
2021-11-23,37.78669738769531,38.07521045642388,36.5452077132312,36.72006583662434,55769555
2021-11-24,37.33206558227539,38.29378020622297,37.23589345285241,37.97029486327931,45277920
2021-11-25,37.60309600830078,37.76921273289581,37.078524952553636,37.44572735968978,32728325
2021-11-26,35.43486022949219,37.40200648948871,35.25126071232638,37.22715171226856,67114675
2021-11-29,34.8403434753418,35.819547537534795,34.05348699892429,34.97148788898187,67554300
2021-11-30,34.8228645324707,36.10806458718207,34.53434812448689,34.84034734343213,68010695
2021-12-01,36.143035888671875,36.282921718518345,34.744177590207194,35.14634893412313,61086710
2021-12-02,36.22172164916992,36.43154872505264,35.59223375123928,36.22172164916992,39022375
2021-12-03,36.108062744140625,36.80749187684447,35.906977076934595,36.26543471589164,49609070
2021-12-06,35.41737747192383,36.64138104037043,35.31246392852999,36.16926509238605,54522660
2021-12-07,36.57143783569336,36.84246475290739,35.7233781227924,35.81080551509217,44753385
2021-12-08,37.54189682006836,37.629327554317484,36.44903765551552,36.859953768632664,65377340
2021-12-09,37.5943489074707,37.944065115084946,37.03480564340067,37.61183505136551,43752670
2021-12-10,38.844581604003906,38.99320883112004,37.17469314064975,37.5418921736245,60846350
2021-12-13,37.97903823852539,39.168069472822026,37.88286943925427,39.15058332700692,39306635
2021-12-14,37.69926071166992,37.99651847400582,37.09600378302094,37.91783249764806,41455375
2021-12-15,36.938636779785156,38.01400971067201,36.84246464744596,37.71675190850596,28998785
2021-12-16,37.1047477722168,37.57686366325734,36.67634890953042,37.244633591583515,26826095
2021-12-17,35.338687896728516,36.96486266255121,35.16383312051878,36.96486266255121,47568545
2021-12-20,33.37154006958008,34.97148721031985,32.89068278746636,34.796629107240065,55742740
2021-12-21,33.607601165771484,34.245830467102095,33.2928605528283,33.89611756322927,36552970
2021-12-22,34.56931686401367,35.38240423095468,33.966056558459435,33.99228744248854,61715265
2021-12-23,35.05891799926758,35.63594746087424,34.60429155630338,34.86657706882618,46320985
2021-12-24,33.913604736328125,35.30372165906278,33.747488016949305,35.26874936707341,50931385
2021-12-27,34.20211410522461,34.3594860670009,32.593425534398776,33.222913381503965,50266245
2021-12-28,34.595542907714844,34.70045643384364,34.21085775514869,34.4643984986982,26939730
2021-12-29,34.39445877075195,34.87531606637094,34.21960066276114,34.45565860827759,28685475
2021-12-30,34.09720230102539,34.34200166055682,33.834916796507265,34.272060415751184,30108385
2021-12-31,34.96274948120117,35.20754885016119,34.24583084969876,34.28080314101913,36008765
2022-01-03,35.92446517944336,36.09057856527938,34.726692515982585,34.919033453492354,38953755
2022-01-04,36.1168098449707,36.5452087576284,35.73212129548382,36.09932369861753,46704665
2022-01-05,36.894920349121094,37.07851985990147,35.87200259522578,36.10806053843239,57771810
2022-01-06,37.15720748901367,37.375779297772574,36.27417884908979,36.53646435257225,53654395
2022-01-07,37.12223815917969,37.69926764690793,36.667608360493595,37.28835488157236,43376495
2022-01-10,38.41618347167969,38.60852774848145,37.297096774232564,37.297096774232564,51528210
2022-01-11,38.71343994140625,39.036928638399075,37.98778322858893,37.98778322858893,57530155
2022-01-12,38.94949722290039,39.544012833486136,38.73092540533626,38.95824196328206,40422790
2022-01-13,39.40412521362305,39.718869150239996,38.591037822409625,38.92326790385431,41998450
2022-01-14,39.806297302246094,39.92869698324527,39.08064062126192,39.32543998326027,40366635
2022-01-17,39.81504440307617,40.27841560437288,39.71012752587809,39.79755825687649,24529380
2022-01-18,39.01069641113281,40.217213757703455,38.765897046809364,39.93744210272203,36236730
2022-01-19,39.937442779541016,40.1997282936384,38.61726713352956,38.87081124238491,37112995
2022-01-20,39.94618225097656,40.6368699616049,39.65766919997882,40.07732666924714,49452470
2022-01-21,37.69926071166992,39.64017923840084,37.297089425903934,39.325435332969796,53192755
2022-01-24,36.49275588989258,38.04898632413088,35.78458192733052,37.69927004592061,52274935
2022-01-25,38.71343994140625,39.036928638399075,35.924464700828615,36.10806423038153,60447725
2022-01-27,42.105674743652344,42.3592188521084,37.76921068963841,38.11892359617042,234705435
2022-01-28,41.7734375,42.64772461944841,41.36252482175491,42.35921160430359,108984570
2022-01-31,44.23019027709961,44.48373436952143,42.14064436985583,42.210585612682614,147102420
2022-02-01,45.24436569213867,45.74270916338571,42.840075727822125,44.562422696777716,173366905
2022-02-02,47.15031051635742,47.561226581141725,45.06950597795793,45.410477463569975,136021565
2022-02-03,46.31973648071289,47.70111188814665,46.17985065902324,46.98419663509454,83876480
2022-02-04,45.63779830932617,47.00168438023767,45.323054343687694,46.41591348263161,58721430
2022-02-07,45.130706787109375,46.62574051520726,44.912134975210165,45.72522238228652,79617185
2022-02-08,45.5853385925293,46.06619593316086,44.02910828952998,45.200653387052306,77005360
2022-02-09,45.506649017333984,46.0049924646454,44.632361799574866,45.77767925549009,46172495
2022-02-10,45.25310516357422,45.97002375426587,44.90339227570186,45.55910769249625,44205795
2022-02-11,43.976646423339844,45.64653487726229,43.74933321399285,44.955847174216295,44037180
2022-02-14,41.047786712646484,43.45207663012146,40.75927032168173,42.49035866204678,67861420
2022-02-15,43.35590362548828,43.504530852885416,40.60189753240664,41.12647186854371,81562540
2022-02-16,42.717674255371094,43.86298838317083,42.49035770968033,43.51327549500661,62946135
2022-02-17,41.86087417602539,43.10236046162179,41.74721590046732,42.892533390743516,36425255
2022-02-18,41.659786224365234,42.700186786977184,41.467441973995925,41.71224132163616,47159215
2022-02-21,40.7330436706543,42.03573315851782,40.59315784213765,41.53738635083971,69086415
2022-02-22,40.295902252197266,40.54944637253681,38.643499769883334,38.643499769883334,76284760
2022-02-23,40.06858444213867,41.13521257062834,39.90246773771951,40.56692788511409,43202360
2022-02-24,36.42280578613281,39.16806714851002,36.06434815604804,36.06434815604804,103991045
2022-02-25,38.197608947753906,38.958241260456624,37.41949382488576,37.76921006073583,81491485
2022-02-28,38.3986930847168,38.59103734027771,37.48069217114702,37.85663594239367,61273635
2022-03-02,37.79543685913086,38.27629417250146,37.10474914139685,38.09269465314669,54860675
2022-03-03,37.585609436035156,38.57355160334225,37.37577903364733,38.398693490542584,46552140
2022-03-04,36.74629211425781,38.031495441241496,36.59766488236671,37.375780002599406,74147550
2022-03-07,35.120121002197266,35.95943938701543,34.34200579977988,35.933208498803225,77882170
2022-03-08,36.606407165527344,36.84246512931795,34.88406350660819,35.146349021328454,101169385
2022-03-09,37.06978225708008,37.30583688935422,36.457780489907556,36.98235152740325,70015255
2022-03-10,37.489437103271484,38.80960934420125,37.2533791525474,38.38121047207098,86392850
2022-03-11,38.11018371582031,38.36372783442126,37.15721042102829,37.41949594520727,54800695
2022-03-14,38.66972351074219,38.905781461399066,37.629322915009496,38.11892162587614,62331165
2022-03-15,38.27629470825195,39.64018401785151,38.05772289592043,38.66972463747694,74140845
2022-03-16,39.23801040649414,39.49155115937768,38.69594994206772,38.713436086256415,43321620
2022-03-17,39.52652359008789,40.348355694210746,39.35166548271233,40.21721127989382,52476475
2022-03-21,39.33418273925781,39.8937260156808,39.1680660361603,39.74509545686413,46008815
2022-03-22,39.517784118652344,39.710125044547446,38.49486630830814,39.34292600272312,48430980
2022-03-23,39.395381927490234,40.287155260272094,39.220523822704216,39.76258094591403,44813690
2022-03-24,39.456581115722656,39.85001101124291,38.92326540569974,39.0631512202024,30335565
2022-03-25,39.395381927490234,39.85001166587751,39.124351698314854,39.517781600298164,29539365
2022-03-28,39.989898681640625,40.243439439283925,38.86206737385456,39.500296640588886,46274510
2022-03-29,39.94618225097656,40.61064241200722,39.57023847608473,40.20847108751772,46875635
2022-03-30,39.94618225097656,40.523211688113136,39.710124299174176,40.322126025868386,31243675
2022-03-31,39.82378005981445,40.147265379958135,39.64018055393351,40.11229642774812,25135920
2022-04-01,41.9570426940918,42.09692850768055,39.710121602164804,39.850010750894434,69889490
2022-04-04,42.19309997558594,42.47287495568066,41.703501264487606,42.28927210387771,43563700
2022-04-05,42.48162078857422,43.10236398207256,41.83464670771778,42.280535106249744,59173710
2022-04-06,43.338417053222656,43.69687467856654,42.14064450050886,42.14064450050886,49486965
2022-04-07,43.12859344482422,44.160249374586,42.63024662317867,43.33842052590951,54851655
2022-04-08,43.425846099853516,43.67939020274782,43.01493336031366,43.45207698524543,36037350
2022-04-11,43.03241729736328,44.02035943771217,42.93624517119068,43.52201599767324,25153735
2022-04-12,42.219329833984375,42.979958766767155,41.5199007386013,42.92750033393555,31993590
2022-04-13,42.42915725708008,43.06738652050951,42.123158067470435,42.56030167270766,36650785
2022-04-18,40.96910095214844,41.96578788069229,40.38332676204037,41.96578788069229,45659720
2022-04-19,41.03030014038086,42.56904420408183,40.383326120043385,41.2488719487847,44443925
2022-04-20,40.759273529052734,41.607333288468844,40.549446441968,41.40624760703706,47718935
2022-04-21,41.61607360839844,41.70350433835394,41.13521626663783,41.17892996404492,20244985
2022-04-22,40.785499572753906,41.56361465397466,40.706813590656246,41.09149876138869,21071435
2022-04-25,39.876243591308594,40.47075921175345,39.5614996351741,40.409559368631896,33154090
2022-04-26,41.18767547607422,41.34504745780043,40.21721603380966,40.47076015271762,29983830
2022-04-27,40.514469146728516,41.1177261165394,39.89372603262935,40.81172692934714,27325960
2022-04-28,40.776756286621094,41.039041791249666,40.08606856749098,40.88166982144429,28804625
2022-04-29,40.156009674072266,41.467440418920766,39.96366543091608,40.98658314617116,28451545
2022-05-02,40.173500061035156,40.278413597865494,39.535270764677016,39.76258398366629,23444510
2022-05-04,38.97572708129883,41.24012784982612,38.68721068885318,40.47949887859667,47546350
2022-05-05,39.29921340942383,40.47075848331468,39.098127737766454,39.5002990810812,42695600
2022-05-06,38.354984283447266,39.29921620195069,37.17469772045947,38.468642570335604,96162405
2022-05-09,35.20754623413086,38.267551459328246,34.92777459463838,38.267551459328246,154321205
2022-05-10,34.919029235839844,35.98566067695872,34.752915870067625,35.16383191741165,56114470
2022-05-11,35.356178283691406,35.60972240881525,33.8698924967259,35.23377859160168,76693890
2022-05-12,33.70376968383789,34.971486745386315,33.40651191309647,34.945259197572355,68522060
2022-05-13,33.79994583129883,35.399893141308105,33.59011541837549,34.446919880599616,66355955
2022-05-16,34.578060150146484,34.86657654417905,33.66005920255946,34.09720282856673,47003330
2022-05-17,35.45234680175781,35.531032786512185,34.19337438082904,34.875317358606154,52977180
2022-05-18,34.455657958984375,35.95068825060807,34.32451354667734,35.504803252017844,56701920
2022-05-19,32.689598083496094,33.92234290997644,32.45354013776909,33.747484801829664,71319410
2022-05-20,33.99229049682617,34.0709764857017,33.26663045106948,33.38028873169887,40163230
2022-05-23,33.33657455444336,34.53434718106085,33.240402421076034,34.272061666967126,57471725
2022-05-24,33.179203033447266,34.04474557532689,33.08303089876257,33.51143313459221,48054620
2022-05-25,32.567195892333984,34.16714295583165,32.44479622662961,33.511427602294724,53491025
2022-05-26,34.23708724975586,34.534345036641454,32.1213137876192,32.873197991961774,63617345
2022-05-27,34.630516052246094,35.329945135657155,34.28954458252951,34.72668817655404,49651390
2022-05-30,36.54520797729492,36.66760766401215,35.05891892042576,35.128863504344935,65157615
2022-05-31,35.84577560424805,36.79000739176423,35.64468994619724,36.19549182224834,46481305
2022-06-01,36.50149154663086,36.76377704640478,35.81954858019044,35.84577612962551,43283350
2022-06-02,37.34080505371094,37.4981770145926,36.46651786443103,36.60640368131018,59593000
2022-06-03,36.91240692138672,37.76920798344025,36.80749005531738,37.67303585711387,41174630
2022-06-06,36.79875183105469,37.03480979740054,36.0206366837339,36.80749323641211,39746325
2022-06-07,36.553955078125,37.2883565809896,36.25669724755739,36.62389633141892,41089375
2022-06-08,36.87743377685547,37.3670358017268,36.326631915767834,36.720061816544714,41291500
2022-06-09,36.282920837402344,36.91240872399522,35.71463279143475,36.711323056920534,47601955
2022-06-10,36.36160659790039,36.52771997354806,35.69714976016856,35.93320438103692,26209960
2022-06-13,34.49937057495117,35.583488122126205,34.14091297232265,35.40863002288625,38725540
2022-06-14,34.47314453125,35.19005976778236,34.21085903851833,34.621771754246254,34361100
2022-06-15,34.0482177734375,34.93423046507654,33.99397083151516,34.8347794626433,43880130
2022-06-16,32.737281799316406,34.78957803100157,32.55646209476041,34.455063819324835,47802120
2022-06-17,32.70111846923828,33.270699354146124,32.27619611280786,32.68303960202775,40185605
2022-06-20,31.561960220336914,33.153166099881155,31.05566571605735,32.98138927019571,47943355
2022-06-21,32.99042892456055,33.15316285584743,31.76989857354283,31.824145516537666,37246840
2022-06-22,32.70111846923828,33.135087156972254,32.42085119243613,32.800569483141935,31695735
2022-06-23,32.88193893432617,33.397272882861515,32.33948323550451,32.71016210109746,35953395
2022-06-24,33.6142578125,33.749873463973245,33.162210239388216,33.27070069125725,33271320
2022-06-27,33.939735412597656,34.391783022944935,33.83124150294262,34.165759217771296,24537415
2022-06-28,33.95781326293945,34.174794156001546,33.70466428923486,33.80411530224212,20202530
2022-06-29,33.67753982543945,33.83123432490006,33.27973925432185,33.767947948787004,23957985
2022-06-30,32.7734489440918,33.98493657404806,32.583589791725714,33.70466583804388,26590390
2022-07-01,33.42439651489258,33.578091024441356,32.267152456761664,32.84577621025165,28842895
2022-07-04,34.0572624206543,34.28328620666506,33.48768496307865,33.62329716537555,27463575
2022-07-05,34.192874908447266,34.744373447107535,34.08438446687689,34.310408231977064,35090105
2022-07-06,34.85286331176758,35.02464357766361,34.13862739814982,34.328489978816435,25836415
2022-07-07,37.709808349609375,37.88158863751772,35.14217795359675,35.27779360732973,112584385
2022-07-08,38.170894622802734,38.3607537581066,37.33008593920109,37.791172903346045,50635800
2022-07-11,39.22868728637695,39.337177736707076,37.80021876900776,37.80021876900776,72005145
2022-07-12,39.21964645385742,40.024290542071064,38.79472065268203,38.966497480316136,55604310
2022-07-13,39.454708099365234,39.951959695529204,39.15635852120644,39.67169243253897,43189160
2022-07-14,37.890625,39.36430095911284,37.31200469549778,39.34621864349101,66069090
2022-07-15,37.26680374145508,38.333636310245886,36.81475615972505,37.971996865322126,48892765
2022-07-18,38.78567886352539,38.867047555641555,37.357207035008045,37.86350150249183,49556565
2022-07-19,40.349761962890625,40.45825240029755,38.39691684532184,38.731431039155005,77759550
2022-07-20,39.73497772216797,40.79276726417002,39.55415802428717,40.72948088723906,49931445
2022-07-21,40.910301208496094,41.35330930261201,39.61744500489427,39.72593544573633,64524545
2022-07-22,41.41659927368164,41.93193322345139,40.982634023814974,41.33523057377856,69973065
2022-07-25,40.64811706542969,42.40206386149924,39.89771988526999,41.452761196107275,138779555
2022-07-26,40.06949234008789,40.93742276036406,39.82538626272605,40.84701463490364,50739525
2022-07-27,41.054962158203125,41.21769956719429,39.91580374411445,39.979090131072184,42682535
2022-07-28,40.90126419067383,41.58837495504619,40.56674651764664,41.40755524373268,40711750
2022-07-29,40.196067810058594,41.389473080751486,40.06949504632588,41.262900317018776,40322070
2022-08-01,40.702362060546875,40.955507586436966,39.970043783558815,40.42209133627633,30405695
2022-08-02,42.166996002197266,42.70041226293999,40.36784863804497,40.63907648528636,95803855
2022-08-03,41.94097137451172,42.40206180947635,41.58837483533237,42.1669951507907,38881895
2022-08-04,40.6119499206543,42.347814292553494,39.8163487220142,42.05850413871181,62866305
2022-08-05,40.00620651245117,41.3352273578524,39.861551440416605,40.68427780927238,57954925
2022-08-08,40.693321228027344,41.09112530172123,39.63553155683072,40.006210430777735,42501730
2022-08-10,40.77469253540039,41.10016736236883,40.34072724905898,40.6842843940645,27668320
2022-08-11,41.75111389160156,42.456306998022654,41.091124852465285,41.217697620402475,61765740
2022-08-12,41.778236389160156,42.37493905499635,41.58837723385985,41.95001667630271,37512705
2022-08-16,41.97713851928711,42.32973507957369,41.68782834423918,42.05850722157243,39317305
2022-08-17,43.25191116333008,43.423687996468885,41.97713716780201,42.21220038414192,75880015
2022-08-18,43.38752365112305,43.75820248951391,42.962597867291215,43.30615495738608,57338785
2022-08-19,41.70590591430664,43.541217775030425,41.561250843247365,43.39656270397115,60525460
2022-08-22,40.15086364746094,41.479884561148054,39.988126251954384,41.44371992906901,41631205
2022-08-23,41.42564010620117,41.58837751150195,39.590328028347116,39.7982695020427,47758120
2022-08-24,41.96809005737305,42.04041931594471,41.100159647606304,41.344265722012366,39480270
2022-08-25,43.17053985595703,43.75820303458296,42.13082913957239,42.185076085689076,89120005
2022-08-26,43.306156158447266,44.21929068117699,43.17054051550814,43.58642342887617,61874855
2022-08-29,42.492469787597656,42.6100031165177,41.497966555087146,41.95001410601903,36877250
2022-08-30,43.59546661376953,43.8486121369076,42.83602659550624,42.890270093979204,52440695
2022-09-01,44.21025466918945,44.571890663598865,42.935480632533896,43.034928203023185,51092010
2022-09-02,44.083675384521484,44.53572293273739,43.586423771253806,44.43627536916313,40954795
2022-09-05,44.35490798950195,44.75270860215765,44.07463725970071,44.08367669343983,28638355
2022-09-06,44.17408752441406,44.752707841662115,43.75820460249817,44.65325682797589,27442605
2022-09-07,43.613548278808594,44.183125697370876,43.44176800594301,43.84861148266539,26177455
2022-09-08,44.300662994384766,44.662302439184785,43.866697729934344,44.1921725404845,44647800
2022-09-09,44.03847122192383,45.150507774209885,43.94806309202054,44.61709153054268,56989085
2022-09-12,44.68037796020508,45.06009969368297,44.02038895441043,44.2644950440357,30898475
2022-09-13,44.64421463012695,45.04201521139184,44.49955955977163,44.84311319633493,26128175
2022-09-14,46.1630973815918,46.56993742045614,43.794365719281835,43.93902079837451,77069055
2022-09-15,45.647762298583984,46.588018564611296,45.34036983213783,46.41624174027484,41610740
2022-09-16,44.18312454223633,46.018439856167866,43.57738250850227,45.304203932244974,49418235
2022-09-19,44.653255462646484,45.79241719514028,43.95710183697784,44.156003858268605,58216875
2022-09-20,44.96969223022461,45.45790096786232,44.68037862246084,45.02393572949039,32745710
2022-09-21,44.74366760253906,45.38557428987655,44.21929079394286,44.86119748128036,38195950
2022-09-22,43.92998504638672,45.07818634178208,43.46889802090247,44.481483659411595,38935875
2022-09-23,41.42564010620117,44.047517459292116,41.26290270090039,43.66779569730718,58631625
2022-09-26,39.26484680175781,41.13632320806288,39.09306999038663,41.13632320806288,50837145
2022-09-27,38.740474700927734,40.14182490282447,38.54157611877756,39.72593852447586,43454140
2022-09-28,37.97199249267578,38.68622841728558,37.519944963001066,38.24322032071082,49641340
2022-09-29,38.948421478271484,39.66265403959794,38.44212694279571,38.69527248610892,79592200
2022-09-30,41.36235427856445,41.61549982406922,38.76760209059245,39.05691227084058,103522925
2022-10-03,40.205108642578125,41.82343618773836,39.85251211905803,41.208654716503936,48671660
2022-10-04,41.08208465576172,41.76919893927377,40.657162256882685,41.13633160935988,54791090
2022-10-06,41.054962158203125,41.86864920315892,40.91934650109402,41.40755872806749,29973490
2022-10-07,41.41659927368164,41.53412915777002,40.26839804120454,41.19961492432369,46539300
2022-10-10,41.163448333740234,41.561252380503824,40.35880425565797,40.85605586526339,26800945
2022-10-11,40.268394470214844,41.3533092230962,40.12373939975392,41.34426634121487,29612710
2022-10-12,40.8651008605957,41.00975594448536,40.18702950820368,40.476339675983006,30062920
2022-10-13,40.41305160522461,40.95550728495282,39.961004055834735,40.66619712925123,25711445
2022-10-14,41.00071334838867,41.76919628911475,40.82893651283425,41.38947453571909,34716035
2022-10-17,42.92643737792969,43.09821421512322,40.32264237601852,40.77468995175348,86520200
2022-10-18,45.24995803833008,45.4036559952436,43.306155686752085,43.396563815160725,102556705
2022-10-19,45.02393341064453,45.69296527420849,44.54476413127982,45.385572815087045,59255885
2022-10-20,46.81404113769531,47.06719009989931,43.14341739865143,44.834074196420644,235480435
2022-10-21,48.5589485168457,48.98387433080975,46.91349565912645,47.01294667506264,180001415
2022-10-24,48.91154479980469,49.35455292779517,48.64031695253565,49.07428219793595,21534540
2022-10-25,51.388763427734375,52.075874156902216,48.242513027936226,49.09236114406336,179379565
2022-10-27,52.36518859863281,52.79915729870921,51.37972821172166,51.614791429484576,119912870
2022-10-28,52.04875564575195,53.12462759413977,51.69615910169415,52.36518755738096,100288330
2022-10-31,52.50984573364258,52.762991261241815,51.569585989918046,52.42847703565009,58033925
2022-11-01,52.799156188964844,53.75749480529711,52.20245354996298,52.781073872770946,68535540
2022-11-02,52.6906623840332,53.24216095794028,52.38326990589725,52.61833656798019,42057470
2022-11-03,53.350650787353516,53.93831398689233,52.10300202191129,52.16628840354173,62626855
2022-11-04,53.72133255004883,54.33611753244848,53.37777887371026,53.51339107789149,56124935
2022-11-07,55.95444869995117,56.39745684425641,54.4355685606894,54.4355685606894,117634740
2022-11-09,56.795257568359375,57.04840310905097,55.692260371604284,56.3251276721826,81620855
2022-11-10,55.50239562988281,56.9399069248477,54.81528489622649,56.38840838197736,58722660
2022-11-11,55.050350189208984,56.777171695455344,54.90569511089486,56.777171695455344,55353710
2022-11-14,55.00514602661133,55.37582487968875,54.38132164914418,54.60734542416333,45614395
2022-11-15,55.92732620239258,56.06293840478664,54.83337190504046,55.005148740945984,35388595
2022-11-16,55.52048110961914,56.22567419867764,54.987064851553335,55.84595590421512,41127470
2022-11-17,55.556644439697266,55.99060967270218,54.96898124669216,55.33062066528747,25824405
2022-11-18,55.95444869995117,56.52402961438667,55.26733789830862,55.76458954475578,42259940
2022-11-21,56.768131256103516,56.94895096300465,55.36678456310555,55.8821184860219,55263285
2022-11-22,57.62702560424805,57.86208882259617,56.49690668193171,56.93087193423927,58920515
2022-11-23,58.757137298583984,59.0283685815743,57.681265395322306,57.95249322946359,64215050
2022-11-24,59.408084869384766,59.62506574988915,58.784257078024595,58.838507471424066,38394985
2022-11-25,59.1006965637207,60.384509893654574,58.693849648044484,59.1820618082372,55461500
2022-11-28,58.61248779296875,59.41713189119753,58.268927235726146,59.41713189119753,34233385
2022-11-29,58.17851638793945,59.04644682760932,58.0429007478696,58.72097205052088,35102955
2022-11-30,56.903743743896484,58.53111421672387,56.54210777707322,58.53111421672387,112465320
2022-12-01,58.02482604980469,58.386465483404194,56.9941581475501,57.319632948019816,46415965
2022-12-02,57.70838928222656,58.58536259325249,57.48236551743423,57.961534795162315,26750455
2022-12-05,58.31413269042969,58.45879121420024,57.057441080389765,57.8620851501938,44409360
2022-12-06,57.61798095703125,59.07357118736558,57.337710231294025,57.97961693178825,68401680
2022-12-07,56.75908660888672,58.142350943295085,56.53306284450109,57.690306863372776,53558045
2022-12-08,58.65768814086914,58.937962314865196,56.80429730755095,57.04839995179445,76294260
2022-12-09,57.41907501220703,59.76068132575419,56.62347385270565,58.9469944025722,95079860
2022-12-12,57.952491760253906,58.12427202830601,56.95798857733213,57.59085580685005,33882015
2022-12-13,59.037410736083984,59.30863511803337,58.04290064250899,58.04290064250899,40287220
2022-12-14,59.27247619628906,59.85109654408076,58.71194161432133,59.29056196211303,53238855
2022-12-15,57.952491760253906,59.67027374768128,57.66318161799125,59.12781809315103,43057550
2022-12-16,56.234718322753906,58.24180718565899,55.99061222141763,57.862088882813175,51761875
2022-12-19,57.49140930175781,57.76263715026665,56.081019661122966,56.31608632565338,35935395
2022-12-20,58.250850677490234,58.585368365513276,56.51498619945353,57.319633778427146,39456395
2022-12-21,56.88566207885742,59.56178274912383,56.31608464860519,58.540157768535416,64792305
2022-12-22,56.38841247558594,57.572778341318774,55.73746632508897,57.42812325800287,50547250
2022-12-23,52.7177848815918,56.062933888385054,52.446553600955376,55.38486258449199,76551365
2022-12-26,55.07746887207031,55.64704972009102,52.05779471149598,52.71778368511093,59785635
2022-12-27,55.52048110961914,55.80979127173797,54.42652684355426,55.80979127173797,37573365
2022-12-28,57.15689468383789,57.77167964235481,55.22213167567842,55.74650505273745,76209100
2022-12-29,58.070030212402344,58.94699664879045,56.15334615339232,56.84949978112015,58037585
2022-12-30,60.2669792175293,60.88175722845033,58.10618570667797,58.48591086913213,91821295
2023-01-02,60.782318115234375,61.55079758975107,60.12232564088102,60.728067717454316,68163660
2023-01-03,60.899845123291016,61.78585443872805,60.51108396309369,60.9360097542045,56669795
2023-01-04,59.109737396240234,61.20723783186847,58.77522661108261,60.9179276648059,63676240
2023-01-05,59.218231201171875,59.72452226830006,58.07003341744945,59.42617611671293,45723890
2023-01-06,57.943450927734375,59.42617321918308,57.410038136261065,59.39904457245385,44465020
2023-01-09,59.06453323364258,59.399043998725986,57.97961499899077,58.5853639448597,34632685
2023-01-10,57.37387466430664,59.1006996296263,56.777172031621774,59.1006996296263,47865145
2023-01-11,57.50044631958008,57.8259211036551,56.460739035839396,57.62702252915852,39150920
2023-01-12,57.34675598144531,57.82592531016312,56.7952573848497,57.681270223256845,26748045
2023-01-13,58.693851470947266,58.80234536470342,57.24730070935578,57.50044623042203,53541255
2023-01-16,58.4135856628418,59.30863789121256,58.27797001667694,58.748103337021995,47321030
2023-01-17,57.78975296020508,58.919871753533705,56.4245709753576,58.56727524183099,43562670
2023-01-18,57.3919563293457,58.22372561177922,57.10264617428598,57.84400387773265,27292015
2023-01-19,57.88920593261719,58.10618681695284,56.849498676740154,57.26538157909097,22833170
2023-01-20,57.67222595214844,59.01028280716991,57.509488561921714,58.006743614752835,33990715
2023-01-23,58.4135856628418,59.04644948134673,57.771678961873,58.151397252975954,65416825
2023-01-24,57.88920593261719,59.30863490935507,57.50948766060531,58.648649374338895,42215215
2023-01-25,55.339664459228516,58.02482821442457,54.64351076533141,58.02482821442457,69401075
2023-01-27,52.61833572387695,55.65609582405364,51.732322936133606,55.65609582405364,77590380
2023-01-30,52.82627487182617,54.43556298230942,51.29835545506674,52.61833342094286,72139590
2023-01-31,54.95994186401367,55.213087387954936,52.91668501010487,53.160791100554995,63613740
2023-02-01,51.4339714050293,55.87307835633723,49.4811260617601,55.5114423735684,92868925
2023-02-02,51.5515022277832,52.52792312745491,50.20439903188304,50.99096424003001,67545240
2023-02-03,53.61283874511719,53.757493823176404,50.40330182959445,52.075876385207266,82031535
2023-02-06,53.278324127197266,54.12817227336337,53.07038266958798,53.67612472668689,39368680
2023-02-07,53.29640579223633,54.3361130675891,53.052299706149405,53.422978551944574,32861175
2023-02-08,53.45914077758789,53.847901921399085,52.7991518110558,53.422976148198735,29581065
2023-02-09,52.97997283935547,53.667087064334915,52.10300291507926,53.43202040095014,31199465
2023-02-10,53.1427116394043,54.155300687261054,52.59121304789375,52.59121304789375,37760200
2023-02-13,51.47917175292969,53.486263900604634,51.32547724734685,53.142706810270866,35326170
2023-02-14,52.555049896240234,52.87148180632205,51.44301332086091,51.76848466458115,53405300
2023-02-15,53.50434875488281,53.703250782228196,52.17532784280072,52.41039450218147,26914405
2023-02-16,53.33257293701172,54.001601398103084,53.1698355386167,53.84790688231289,24065285
2023-02-17,53.097503662109375,53.395856694111835,52.44655410053968,53.16079004183432,32866660
2023-02-20,52.25669479370117,53.567633345945595,52.093957403830885,53.16078987126988,24695615
2023-02-21,50.4394645690918,52.41943152240841,50.34905299316587,52.41943152240841,66986370
2023-02-22,49.571537017822266,50.26768722429092,48.911544546130024,50.26768722429092,46162270
2023-02-23,49.50824737548828,50.014541885519385,48.91154473277446,49.7885181049634,35371055
2023-02-24,49.02003860473633,50.0687888080085,48.60415222760748,49.77043576238449,41317050
2023-02-27,49.92413330078125,50.123031880652064,48.721685143663805,48.98387355445847,36986335
2023-02-28,50.54795837402344,50.701656338897685,49.54441223200376,50.14111487741422,30807060
2023-03-01,52.22053527832031,52.34711149861233,50.39426607772007,50.61124698623623,37434805
2023-03-02,52.50984573364258,52.96189328941217,51.76848456923924,52.057798177872996,35633330
2023-03-03,55.18596649169922,55.330621571737325,53.0703837906112,53.15175248868571,68210465
2023-03-06,55.267333984375,55.864036607624044,55.05939252690856,55.46623255955863,31410850
2023-03-08,56.32512664794922,56.397455914745464,54.60734794772963,54.60734794772963,40222395
2023-03-09,56.117183685302734,56.722929207623444,55.89115990585529,56.36128978096787,34253085
2023-03-10,53.92023468017578,55.51144408987321,53.413943598876045,55.42103250474874,49179760
2023-03-13,52.17532730102539,54.8695302803999,51.98546815808487,53.612838645437705,55801815
2023-03-14,51.76848602294922,52.38327099196756,50.87343376874702,52.220533591412746,51441790
2023-03-15,50.83726501464844,52.64545514192962,50.448503861375066,52.45559600628884,33038945
2023-03-16,50.927677154541016,51.64190964160473,49.85180180962593,50.62932412478671,49203635
2023-03-17,50.94575881958008,51.714241743712165,49.99645962986321,51.53342202927819,41464915
2023-03-20,50.2676887512207,50.692614573583725,49.508248690427905,50.6293281892551,41987440
2023-03-21,51.352603912353516,51.61479233399664,50.10495163768046,50.57508153029421,36650525
2023-03-22,51.50629806518555,52.15724418077772,51.3254783585242,51.50629806518555,30192160
2023-03-23,50.737815856933594,51.895059925831355,50.511792082777276,51.397804863608165,29414325
2023-03-24,49.50824737548828,50.89151525770833,49.24606241116873,50.566040461891845,32212690
2023-03-27,50.12303161621094,50.48467103945764,49.27318345508507,49.716191576119826,31774230
2023-03-28,49.752349853515625,50.97288024904975,49.318384640275355,50.15919331869367,26306060
2023-03-29,50.81918716430664,51.09945790024444,49.5624954672536,49.8879702705751,78420555
2023-03-31,51.4339714050293,51.6871169378524,51.00904559020547,51.32548095508357,34693365
2023-04-03,51.93122100830078,52.06683665207236,51.40684764667211,51.84081287835245,19288720
2023-04-05,51.397804260253906,52.103000772560776,50.84630915481967,52.103000772560776,23085250
2023-04-06,51.452049255371094,52.1662851739528,51.00904116253529,51.388762877658685,28327120
2023-04-10,51.22602844238281,51.84081338886308,51.06329104779397,51.687115427818455,18842705
2023-04-11,52.05780029296875,52.83531922344955,51.89506289037179,51.89506289037179,36033040
2023-04-12,51.73231887817383,52.16628408003689,51.26218904727663,52.057793641783334,23537185
2023-04-13,52.66353988647461,52.7810732158475,51.50629925526191,51.605750268665965,28440130
2023-04-17,53.78461837768555,53.884065940471146,52.13012270888868,52.61833488481389,45394945
2023-04-18,54.101051330566406,54.318035673698844,53.34161130287657,54.03776494899635,33036140
2023-04-19,53.350650787353516,54.45364792236828,53.05230119521703,54.064886750153214,22552285
2023-04-20,53.63996505737305,53.86598883708788,53.35065144639681,53.4681847775263,19038260
2023-04-21,53.39585876464844,53.7032512418818,52.708744545491896,53.630921977191996,21572190
2023-04-24,54.77912139892578,54.923776474732435,53.54955153014473,53.685167172584926,38398570
2023-04-25,55.63801193237305,56.225671663811475,54.92377599297114,54.95089774168166,45251025
2023-04-26,55.9906120300293,56.09006304677256,55.18596791106901,55.520482145601534,21205370
2023-04-27,55.873077392578125,56.14430523718862,55.42102983527757,55.42102983527757,19426085
2023-04-28,57.400997161865234,57.518527037077476,55.963485871374644,55.963485871374644,34971485
2023-05-02,57.86208724975586,58.142354527608404,57.41003969311714,57.627024037797355,29659120
2023-05-03,57.77167892456055,57.9344163203136,57.138811657615214,57.229219789100625,17864585
2023-05-04,58.5582389831543,58.666732882755845,57.31963306010446,57.95249689686726,29678925
2023-05-05,57.59989929199219,59.10070050272618,57.27442449683779,58.21468424976179,33018590
2023-05-08,56.63251876831055,57.98866147233656,54.67063397860054,57.536613904327886,139314980
2023-05-09,54.76103973388672,57.26538356572997,54.489811894633284,57.229218934136426,118015345
2023-05-10,54.39036178588867,54.733918894037515,52.97997216994802,54.20954207376564,72950675
2023-05-11,54.44460678100586,55.25829028309526,54.24570475992113,54.607344171193546,36430215
2023-05-12,53.703250885009766,54.6615894938372,53.522431173336,54.4265262828557,34759285
2023-05-15,54.86048889160156,55.05034802777523,53.450099346777925,54.028719637316144,35834890
2023-05-16,55.17692565917969,56.225675890631926,55.03227057376728,55.14980390843026,54438130
2023-05-17,54.733917236328125,55.692255818511725,54.1643363674885,55.31253753851801,40548900
2023-05-18,53.36873245239258,55.240209026577325,53.16079099402195,55.14980089645065,40895745
2023-05-19,53.847904205322266,54.046802777701,52.68162072442153,53.70324913047909,31717830
2023-05-22,54.417484283447266,54.54406049786728,53.6761265575189,54.02872310413736,17184210
2023-05-23,54.61638641357422,55.059394542725684,54.45364901501647,54.598304097195665,15665520
2023-05-24,54.17337417602539,54.8243237208897,53.91118923054299,54.408440822270364,16454215
2023-05-25,54.18241882324219,54.29995215019397,53.549551572765985,54.06488549629041,20849835
2023-05-26,55.45719528198242,55.64705443111296,54.2728294228767,54.40844507159807,32373645
2023-05-29,55.529518127441406,56.14430305740932,55.30349435756641,55.873075223329124,27527200
2023-05-30,55.63801193237305,55.864035701891446,55.19500382662341,55.53856092196911,16243865
2023-05-31,55.9996452331543,56.35224519388041,55.0774678834798,55.583762344727226,27683650
2023-06-01,55.945404052734375,56.32512232774199,55.8188312943985,55.87307479148588,23434025
2023-06-02,56.73196792602539,57.03936040015224,56.01773196425283,56.1081435442014,31900850
2023-06-05,56.41553497314453,57.111685157181,56.33416627712287,57.03935934341123,21989370
2023-06-06,56.37032699584961,56.668680028424305,55.85499307490152,56.57827189974357,16851625
2023-06-07,56.95799255371094,57.229220399911156,56.524027310020756,56.57827425880048,20877380
2023-06-08,56.46977996826172,57.23826288413842,56.234716756217146,57.21113768551274,18536670
2023-06-09,56.234718322753906,56.64156182498104,56.053898605225264,56.64156182498104,18601375
2023-06-12,56.939910888671875,57.03032247100544,56.081019825173755,56.596353773502784,18881245
2023-06-13,56.939910888671875,57.211138737974125,56.64156128909418,57.1388129209565,18079580
2023-06-14,57.23128128051758,57.73883497731621,56.95870574866473,57.24068241498547,30397045
2023-06-15,55.793216705322266,57.40046651167163,55.63342968685564,57.2406830786873,29795900
2023-06-16,57.09969711303711,57.334675290457014,55.94360491038906,56.093990800518505,27557380
2023-06-19,57.33467483520508,57.74823513340666,56.808322431190184,57.1372940282554,24512760
2023-06-20,57.59784698486328,57.69184040268694,56.85531870420886,57.33467258592158,23542870
2023-06-21,57.64484405517578,58.17119283998978,57.24068133227521,57.5978455546898,27869135
2023-06-22,56.56394577026367,57.710640395347816,56.244375313378704,57.52265714091859,20922150
2023-06-23,55.718021392822266,56.714330104186075,55.379652261208804,56.62034027228557,23699580
2023-06-26,55.219871520996094,55.92480605105137,54.82510990519671,55.71802410821411,28009650
2023-06-27,55.65222930908203,55.83081501423194,55.29506506974692,55.38905490420724,20914190
2023-06-28,55.755619049072266,56.33836389794008,55.567635798813605,55.88720624860865,26225310
2023-06-30,56.74252700805664,56.99630385976951,55.924803987303385,56.26317312292054,20638290
2023-07-03,59.8724365234375,60.32359416518974,56.87411287516173,56.95870515708291,92489890
2023-07-04,60.46458435058594,61.22591132573484,59.69385265529624,60.28599864689831,70211795
2023-07-05,60.54917526245117,61.122522591172206,60.210806112026795,60.47398052436466,29330585
2023-07-06,61.25410842895508,61.90265048127452,60.20141080312033,60.53037881119369,43883880
2023-07-07,62.729766845703125,63.293712988857344,60.2765943105662,61.12251711077967,59222370
2023-07-10,62.78616714477539,63.820069613337445,62.41020065503528,63.08693890237461,50257705
2023-07-11,62.46659469604492,63.24672392703646,62.08123423327946,62.93655102734616,24688125
2023-07-12,62.26921463012695,63.19033220554043,62.137627429491396,62.7391709669581,24154370
2023-07-13,60.473976135253906,62.974147212934824,60.1168119117128,62.607581855073995,44281450
2023-07-14,61.39509582519531,61.78985742882783,60.53037788267706,60.643162814592266,33175515
2023-07-17,62.729766845703125,62.936548771418,61.0943208792666,61.65826702242082,37077115
2023-07-18,61.74286651611328,63.10573703973588,61.42329247460276,62.97414983763293,36129700
2023-07-19,63.62268829345703,63.78247171971157,61.61127583659315,61.996636286440236,59625690
2023-07-20,63.9140625,64.85397518382354,63.42531105963623,63.9140625,54864325
2023-07-21,63.566287994384766,64.78817727041073,63.359513241317124,63.91405824579873,31280540
2023-07-24,63.857669830322266,66.05706206140222,62.83316127931556,63.91406229646339,126452930
2023-07-25,62.569984436035156,64.45921085870128,62.03423451569275,64.29002629591082,63249455
2023-07-26,63.4065055847168,63.594492414556676,62.70157110748696,62.98354776676463,47384160
2023-07-27,64.81637573242188,65.72809215377778,63.632083781003374,63.6884834164758,66811855
2023-07-28,64.52500915527344,65.09835648364631,64.12084640201002,65.0325628806018,32009085
2023-07-31,64.7317886352539,65.17354156975661,64.42161573086646,64.83517960338305,22936200
2023-08-01,64.03624725341797,65.04195351763491,63.54749582308268,64.95736481988948,22592770
2023-08-02,61.51728057861328,64.00805055573281,60.85934458660337,63.914060724154886,55995715
2023-08-03,61.51728057861328,62.438398138391655,61.00033291945249,61.50788661513064,33604925
2023-08-04,61.799259185791016,62.917757578311,61.41389154196104,61.6676719832551,35770240
2023-08-07,61.78046417236328,62.41020395264748,61.60187846683369,61.95904270692815,29034630
2023-08-08,63.679080963134766,63.87646175578892,61.846254194943185,61.846254194943185,42117945
2023-08-09,63.180931091308594,63.79187576357903,62.41020298549555,63.594494962562045,36473840
2023-08-10,62.26921463012695,63.44410547220482,61.92144435932464,63.124538605222654,41717995
2023-08-11,62.42899703979492,63.679082596296126,61.97784297957604,62.52298687142681,44584120
2023-08-14,61.94964599609375,62.3913989165042,60.718355552461524,62.3913989165042,44506845
2023-08-16,61.65827178955078,62.18462777869248,60.74655532166239,61.65827178955078,22837050
2023-08-17,62.006038665771484,62.63577842021887,61.39509400909912,61.64886726936625,33122890
2023-08-18,61.705265045166016,62.67337389810576,61.52667935234498,61.836852238519135,30723480
2023-08-21,61.686466217041016,62.2222161544169,61.56428015096042,61.752259817386665,27031115
2023-08-22,61.310508728027344,61.940248517555005,61.17891435241389,61.85565264544384,25423450
2023-08-23,62.522987365722656,63.058737298320935,61.319900301008246,61.545484503865616,52511900
2023-08-24,62.37260437011719,63.44410422332281,62.16582243862759,62.9553527978638,30369150
2023-08-25,61.207115173339844,62.47599583372495,61.09432307227457,62.12822556699708,30563530
2023-08-28,61.40449523925781,61.789855697444516,61.19771330858788,61.51728016801273,15019900
2023-08-29,61.39509582519531,61.9120506663555,61.188313888731244,61.73346496287022,15764360
2023-08-30,61.197715759277344,61.921445374639745,61.056727421723316,61.65827096905342,16755830
2023-08-31,60.22960662841797,61.52668355330316,60.01342355545476,61.19771554745888,32176605
2023-09-01,61.733463287353516,62.10002864805823,60.098013694806866,60.45518150660114,36120140
2023-09-04,63.26551818847656,63.65088581711067,61.526681219848285,61.94964621500507,46503455
2023-09-05,63.62268829345703,64.158438206342,62.75796322291775,63.36890786732167,34979960
2023-09-06,62.82375717163086,63.77307094221528,62.513591451567954,63.77307094221528,22525825
2023-09-07,63.6602897644043,63.82007320096261,62.71097593791212,62.823760871499275,28583565
2023-09-08,63.744876861572266,64.57199742792537,63.06813859320856,63.7260817634353,36302970
2023-09-11,67.66431427001953,68.23766159921155,63.970457017323085,64.0832491245455,132858755
2023-09-12,65.56830596923828,68.2282532172796,65.26753421955681,68.04967469685145,64026290
2023-09-13,68.5666275024414,68.6700184714687,64.86337639979322,65.54950864410377,73506725
2023-09-14,68.6136245727539,69.30915793726517,67.84289647398073,68.80160423744412,53319120
2023-09-15,68.5854263305664,69.25276344291736,68.04967641383597,69.03658038098975,37571540
2023-09-18,69.97649383544922,70.86941515439649,68.4350376650795,68.78280792668605,90346740
2023-09-20,69.74151611328125,70.71902613472601,68.98018915765093,69.57233154858957,45690940
2023-09-21,68.51023864746094,70.7190321394536,67.7865089970843,69.55354235648542,74010120
2023-09-22,71.9879150390625,72.56126239787469,69.27156772906753,69.27156772906753,164013815
2023-09-25,70.50285339355469,72.17589684647386,70.24907294968303,72.17589684647386,68578965
2023-09-26,69.56294250488281,71.20778976700647,69.22457335156875,70.72843227131739,48894255
2023-09-27,70.35246276855469,70.474656006554,68.72641784547389,69.55353842355811,53402070
2023-09-28,70.40885925292969,72.06310033502459,70.18327505640046,70.67203364458277,79975190
2023-09-29,70.72843170166016,71.3487775347279,70.02349716642766,70.86001890789302,47783295
2023-10-03,72.26988220214844,72.65524982600465,70.23027349759084,70.72842604865231,43315645
2023-10-04,70.15507507324219,72.05370251886916,69.62872631808095,72.05370251886916,53115860
2023-10-05,69.79791259765625,71.36756493917458,69.64752313762463,70.54044442189308,36566050
2023-10-06,70.54984283447266,71.61194874278122,69.74151736323226,70.20207973540349,34741410
2023-10-09,68.67941284179688,69.86370471612472,68.25645504359036,69.55353183959248,31218410
2023-10-10,70.02349090576172,70.12688186869569,69.11177450768812,69.20576433645601,24002555
2023-10-11,69.52533721923828,70.49344606450319,69.27155679766614,69.9389010641919,36355700
2023-10-12,69.42195129394531,70.26787414227637,69.16817085396366,69.81671289951157,18850570
2023-10-13,68.90499114990234,69.43134708780005,67.63611056049368,69.25276139717724,32407640
2023-10-16,69.80731201171875,70.4558540595605,68.61362605610415,68.80160572485828,31506305
2023-10-17,70.97280883789062,71.13259227327684,69.83551534978601,70.21147468693835,35506600
2023-10-18,69.90131378173828,71.11380208945387,69.6099359530541,70.80362916099902,18162470
2023-10-19,70.29606628417969,70.67203276944174,69.00838340272054,69.5535344478023,24142670
2023-10-20,69.42195129394531,70.47465607975336,68.70761564746968,69.92010386825008,38109775
2023-10-23,66.83719635009766,69.82611918747791,66.5458256917663,69.42195641738996,47485035
2023-10-25,66.49882507324219,67.83349941728486,65.63410709014116,67.6737159755963,31390525
2023-10-26,67.55152893066406,67.93688941218583,64.30882578427753,65.97247529379742,61186460
2023-10-27,71.58375549316406,72.89962755144914,67.89929221707114,67.99328205395366,136009790
2023-10-30,71.92211151123047,72.5518584251796,71.05739361003062,71.80932658470441,38097645
2023-10-31,72.25109100341797,73.43537582876563,72.01611283110799,72.1477000339244,49438935
2023-11-01,72.0537109375,72.54246238568831,71.43336511418215,72.24169060888825,32192280
2023-11-02,72.96541595458984,73.6609564740766,72.27928374037525,72.73983892795424,31461020
2023-11-03,72.84323120117188,73.83953632676312,72.74924136929874,73.49177323173612,25160335
2023-11-06,72.35447692871094,73.51996657424604,72.0725002732111,73.12520499331767,21697560
2023-11-07,72.85263061523438,73.34138203201148,71.90331684251547,72.37327316174759,23755220
2023-11-08,72.37327575683594,73.46357789861231,72.26048365462867,73.12520876295514,22322510
2023-11-09,72.18529510498047,73.1627979602356,72.05370790635133,72.56125443194112,25663990
2023-11-10,72.82443237304688,72.97481466214826,71.62133820541514,71.9973046846148,16067395
2023-11-13,76.02953338623047,76.25511041347451,72.73983912415015,72.96541615139421,61933460
2023-11-15,76.5840835571289,77.26081462101739,76.34910540174751,76.69686848229487,34318120
2023-11-16,76.31150817871094,77.00704151206723,75.9543367924479,76.69686862535383,17498810
2023-11-17,74.77944946289062,76.0765335322663,74.26250179881929,75.00503366597786,38988760
2023-11-20,75.03323364257812,76.12352866137766,74.64786598796537,75.08022497567595,22057440
2023-11-21,74.66666412353516,75.72876284947249,74.08391569186365,75.22120915175174,19851960
2023-11-22,74.18730163574219,75.4185848442272,73.6515517418019,74.80764022142694,15692850
2023-11-23,73.92413330078125,74.67605913797706,73.80194006365053,74.40349077275764,12982570
2023-11-24,73.27558898925781,74.40348846653795,73.12520669486577,74.14030690216417,13076900
2023-11-28,74.45988464355469,75.09902556126195,73.31319001140653,73.31319001140653,23130565
2023-11-29,75.70996856689453,76.07653393514683,74.64786265855336,74.97683065942535,27494830
2023-11-30,75.76636505126953,76.39610485362198,75.23061508687097,75.5689842402769,39491645
2023-12-01,77.12923431396484,78.77408154849054,76.13292914090374,76.2269189772551,49701145
2023-12-04,80.25914001464844,80.64450764035361,78.68008648751957,78.85867218440387,55340260
2023-12-05,81.68781280517578,82.22356273507836,80.05235961202936,80.44712120859663,48484695
2023-12-06,82.23295593261719,82.95669269054696,80.58810879127701,81.68781204427742,39209200
2023-12-07,81.88520050048828,82.5525376854551,80.8042994151614,82.04498394527644,28704895
2023-12-08,82.43974304199219,82.90029826262764,80.8794916702422,82.07317765828735,40078965
2023-12-11,83.97179412841797,84.49815009757144,82.40214169741563,82.71231459819033,35171875
2023-12-12,83.56763458251953,84.50754720360216,83.12587450325643,84.2913641455289,25567405
2023-12-13,84.4511489868164,85.09969100095178,83.55823485019425,83.84020433867077,33012275
2023-12-14,84.25376892089844,85.47565822773744,84.02819189397711,85.2500740298517,21803925
2023-12-15,84.43235778808594,85.12789116360246,82.91909779920273,84.78012089036186,55247630
2023-12-18,83.05068969726562,84.7707317204268,82.85330888376657,84.44175652696329,31513035
2023-12-19,83.83081817626953,84.57335008899335,82.5807325319004,83.45485165235095,34764590
2023-12-20,80.0711669921875,84.64853735378202,79.70460160469536,84.3007742364492,39043010
2023-12-21,81.19905090332031,81.38703055947913,77.72137706763273,79.51660644813133,38760745
2023-12-22,80.08995819091797,81.85699143869466,79.53541315462931,81.77240273999217,27348250
2023-12-26,79.9677734375,80.94528349624247,79.8173839649405,80.45652488138886,17491435
2023-12-27,81.30245208740234,81.81940696328054,80.1745596667146,80.2497472360527,26349440
2023-12-28,82.9190902709961,83.97178778788698,82.59951625982278,82.90028800335789,71150080
2023-12-29,82.24236297607422,83.08828585802112,81.95099232766778,83.08828585802112,20864775
2024-01-01,83.1634750366211,83.82141102805647,82.33634730914291,82.80630363758661,21701345
2024-01-02,83.45484161376953,84.68612483980391,82.74990715532894,83.06008003807419,33168170
2024-01-03,86.14299774169922,86.98892057989383,83.53004166335941,84.59214040016985,97005400
2024-01-04,87.46826934814453,87.75024601292894,85.90801807030701,86.90432318954018,43984105
2024-01-05,86.83853149414062,88.2108031395131,85.69183688296188,87.97582497069664,34552380
2024-01-08,84.6861343383789,87.03591613007069,84.43236106010077,86.75394661764665,29005830
2024-01-09,84.6673355102539,86.28398645908985,84.44175130509218,85.32527151456407,28163540
2024-01-10,84.35716247558594,85.06209698095294,83.28566260110524,84.79892257963694,26641065
2024-01-11,85.43806457519531,86.0396081204427,84.63914022644158,84.85531612843987,21747555
2024-01-12,86.8949203491211,87.59985482627772,85.13728830882775,85.72002955386006,45209325
2024-01-15,87.48706817626953,88.04161317864796,86.92312203984416,87.55286177266976,17352745
2024-01-16,87.40247344970703,88.60556046866846,86.69753897725641,87.34608098661954,26041455
2024-01-17,85.87042236328125,87.59985823922253,85.08089198920379,85.72943402816406,33668370
2024-01-18,86.14299774169922,86.56595557531423,82.9942917276636,85.68244254072394,34924420
2024-01-19,87.72205352783203,87.94763056671677,86.43437055439233,86.65994759327707,32255045
2024-01-23,85.70123291015625,91.15272897019845,84.63913423194958,90.6827726605729,67779560
2024-01-24,85.40046691894531,86.40617320253857,83.27626224829393,86.24638976752017,104038180
2024-01-25,87.46826934814453,88.24839857254553,85.231279811596,85.55084667211815,61778805
2024-01-29,89.20711517333984,90.23161654412155,87.99462696551245,88.33299610123008,44012445
2024-01-30,89.73345947265625,91.13392727629459,88.73715438468103,89.31049448874968,30096690
2024-01-31,90.60758209228516,91.17152825554925,88.69956053490993,89.95904006050095,33216415
2024-02-01,94.27323913574219,94.9311751047159,90.1094259210433,90.79555812140671,77435540
2024-02-02,96.6888198852539,98.18327760303237,95.21315726583393,95.30714709955555,70094345
2024-02-05,97.79791259765625,99.15138191659656,96.14366435121327,97.50653480437913,41140860
2024-02-06,98.02349090576172,98.286665299808,96.68881666683298,98.11748073635476,25722875
2024-02-07,103.7945556640625,105.36420809027328,99.63074228004832,99.83752421326689,93641330
2024-02-08,107.0090560913086,109.01107466868656,104.71567405177862,106.21013175565807,116284190
2024-02-09,107.33802032470703,108.27793296212465,103.06142212703543,107.71398681386694,76345650
2024-02-12,102.59146881103516,108.08995646666843,101.77374221100095,107.90197680206873,51213620
2024-02-13,103.803955078125,104.28330536522569,100.49545854339158,103.01442472537282,44616500
2024-02-14,106.48270416259766,106.95266048399444,102.07451157318728,102.45047806449759,41070590
2024-02-15,110.35514831542969,111.79321353087455,106.69888148854186,106.97145701913064,80202835
2024-02-16,110.12956237792969,110.87209422451846,108.33433296328745,110.55252736877776,45188595
2024-02-19,107.68579864501953,110.52433186733022,107.17824492229546,110.40214579686446,30254305
2024-02-20,106.96206665039062,107.68579626416566,106.623697509389,107.43202299389681,23257800
2024-02-21,106.65189361572266,109.54682640930706,106.0315478009697,107.05605635749558,56105005
2024-02-22,109.44343566894531,109.91339201287454,105.91876308947617,107.71399259438414,40230970
2024-02-23,109.11446380615234,112.56394892531604,108.68210481711883,109.96978782015002,82259680
2024-02-26,107.760986328125,109.78179995178105,107.15004167386185,109.78179995178105,40534550
2024-02-27,107.5072021484375,109.83818858509521,106.64248426506616,108.89827597161397,53513285
2024-02-28,103.47498321533203,108.04295940128044,102.94863441068436,107.99596806998812,62807585
2024-02-29,106.10674285888672,106.76467887262321,102.30949473583611,103.58777656620819,48528555
2024-03-01,108.7761001586914,108.91708132722084,106.77408151399538,107.15004802899183,36848925
2024-03-04,111.26686096191406,111.74621843867389,109.78180437097318,110.68411968719101,34505780
2024-03-05,113.25007629394531,113.54145409968557,110.55253150394356,111.06008520936744,55574805
2024-03-06,112.78952026367188,113.97381223431051,109.98857735523295,113.54145326714885,44320730
2024-03-07,112.4041519165039,113.82342204538273,111.66162722324613,112.80831464839795,29660555
2024-03-11,110.20475769042969,113.24067869077204,109.81939006369235,112.40414983894763,31771280
2024-03-12,106.56729125976562,110.74050562587504,106.21012704240908,110.2047557143581,43186065
2024-03-13,100.84323120117188,107.4602172569362,99.52735202928748,106.97145865291063,61035900
2024-03-14,102.82644653320312,104.26451175697756,99.46155748626254,100.38267504913802,46018095
2024-03-15,103.23060607910156,104.14232247936788,99.5837404780363,102.82644336055972,47635625
2024-03-18,103.9637451171875,104.51829017237299,102.46928018383606,103.39039779211765,25027215
2024-03-19,103.0896224975586,104.48069641200865,102.66666466212585,103.89794797186687,21355995
2024-03-20,103.58777618408203,104.20812199842922,100.67404829391009,103.37160028220809,30262105
2024-03-21,106.00334930419922,106.86806723572518,104.89425207168912,105.27021857221135,27814235
2024-03-22,107.7421875,108.55991410990761,105.91876178428002,106.00335048308186,29115490
2024-03-26,107.49781799316406,108.02416681002747,106.64249399479623,107.51661309192427,24848115
2024-03-27,106.06914520263672,108.0335664456808,105.71198096343085,107.49781650138964,22051135
2024-03-28,109.22724914550781,110.49612979984543,106.79287880290852,106.80227276639579,51789135
2024-04-01,110.73110961914062,110.97548892178706,109.65021578286311,110.05437134779027,19686100
2024-04-02,111.793212890625,111.88720272143624,110.46793261200379,110.70291077451412,18757320
2024-04-03,114.09599304199219,115.0077094361312,110.9096898150505,111.47363595618842,43724155
2024-04-04,114.18058776855469,115.56225329072676,113.22187288431296,115.55285932765919,38719345
2024-04-05,115.60926055908203,116.32359620943105,113.97381449075051,114.55655576756587,40105775
2024-04-08,115.12989807128906,116.35178738022432,114.12419182629075,116.35178738022432,19005745
2024-04-09,114.32157135009766,115.76903767024285,113.4850496776253,115.4212745842945,18031285
2024-04-10,115.21449279785156,115.8912310440418,114.21818052608734,114.6035481494318,23270245
2024-04-12,113.88922119140625,115.9288300482404,113.71064265301052,114.39677491461673,23474690
2024-04-15,111.49244689941406,113.90802224819271,110.44914323019792,112.41355732838385,30203555
2024-04-16,109.79119873046875,111.94359964532624,109.06746911632942,110.53373061409803,31644765
2024-04-18,109.67841339111328,111.82141316328762,109.27425065015305,110.70291477461438,25803295
2024-04-19,108.79489135742188,109.85699009107019,105.77777255264756,108.08995685618588,47342605
2024-04-22,112.75192260742188,113.12788910819677,109.86639100824371,109.97918310976556,52446075
2024-04-23,113.09029388427734,113.87982426796404,112.63913264060427,113.73883593113091,26919135
2024-04-24,112.21617126464844,113.81401990916284,112.03758556555685,113.55084551321595,24646005
2024-04-25,115.95702362060547,116.72775168954243,111.86839794770773,112.01878741040971,57499790
2024-04-26,116.09800720214844,117.37628897794691,115.44007121650117,116.03221360358371,29797195
2024-04-29,116.70895385742188,117.44208458855023,115.45886829231095,117.00972562329414,39740260
2024-04-30,116.91573333740234,118.37260080553224,116.37058228227309,117.39509079422045,40666775
2024-05-02,118.16582489013672,118.6169789669556,117.12252122741651,117.27290352936788,21606080
2024-05-03,117.61126708984375,118.97414473233702,116.36118871764812,118.97414473233702,19884865
2024-05-06,111.24806213378906,118.23161342934368,110.59012614536444,117.89324430073546,65295460
2024-05-07,108.41893005371094,112.17858090721433,107.52601584438985,111.91540649482347,43276005
2024-05-08,104.83786010742188,112.50754376828857,104.15172070286769,108.97347729099965,114364700
2024-05-09,102.54447174072266,106.77407879193366,101.88653573447569,105.83416611388677,65605805
2024-05-10,103.0426254272461,104.74387226916767,101.64215752967881,103.3903957034322,38864845
2024-05-13,103.2682113647461,104.33031013866443,100.00671313467852,103.76636395048624,52494105
2024-05-14,106.50149536132812,106.96205770253064,104.05772401372151,104.40549426037082,46097330
2024-05-15,111.849609375,112.41355555110118,109.02987132352942,109.2648494944853,58148316
2024-05-16,106.8680648803711,113.11848540453084,105.08223659143779,113.11848540453084,83518740
2024-05-17,106.96206665039062,108.27793867543615,106.39811330141146,108.04296050368306,39194579
2024-05-21,109.21784973144531,109.7818030720027,106.77407821590019,108.46592389564314,35545169
2024-05-22,109.02986907958984,109.87579191181406,107.99596658285562,109.87579191181406,32841192
2024-05-23,110.62771606445312,111.52063738475648,109.49982375255506,109.87579024684256,35478278
2024-05-24,110.15776062011719,111.61462810801817,109.87579112537036,111.09767327786892,29084908
2024-05-27,109.96978759765625,111.09767998668214,108.74789820040743,110.90970031216612,34617257
2024-05-28,108.98287200927734,111.61463037276847,108.32493600388688,110.62771919371814,30239355
2024-05-29,109.54682159423828,111.33264988216963,108.55991044904303,109.40583326335833,39784811
2024-05-30,108.13695526123047,110.48673692991463,107.85497859260255,109.68780542579036,34512065
2024-05-31,110.90969848632812,112.17857919583469,107.52601420398905,109.49982943777312,285607552
2024-06-03,120.5438003540039,121.15473785489384,115.09230398032977,117.30110449941654,93777898
2024-06-04,103.24940490722656,120.1208415614528,90.4195955844549,120.1208415614528,200212291
2024-06-05,108.27793884277344,109.31184853685663,98.40885561389173,108.27793884277344,105580249
2024-06-06,110.90969848632812,113.35347006963053,109.49982943777312,110.5337319725205,52416611
2024-06-07,111.75562286376953,112.41355889362329,110.90969998898261,112.27257055266466,40419251
2024-06-10,113.75762939453125,115.32728183366622,112.78952049100445,112.78952049100445,43824793
2024-06-11,113.94561767578125,115.6938486682672,113.49445643287332,114.19939094487874,37514599
2024-06-12,115.41188049316406,116.07921764502048,114.19939225805658,114.66934860479755,39113054
2024-06-13,114.59414672851562,117.48907936510321,114.1053953135811,117.02852418186201,62531469
2024-06-14,116.63116455078125,116.80493862276535,115.17340094382361,115.84918490959915,32576803
2024-06-18,117.66415405273438,118.26271083260747,117.12352687445733,117.6351929346828,33945927
2024-06-19,116.96906280517578,118.6006004688581,116.43808443310911,117.67380788210853,45620625
2024-06-20,117.00767517089844,117.97308505635303,116.74701774264258,117.29730108273198,19050406
2024-06-21,114.99962615966797,117.5772687402254,114.40106938976439,117.10421996711204,32273022
2024-06-24,114.17902374267578,117.36487930615141,112.19028173854451,113.91836631480622,44230331
2024-06-25,113.96663665771484,115.59817430883645,112.80814040907724,115.11546937994395,36965833
2024-06-26,114.58450317382812,115.24098219922105,113.15569328368129,113.8700945460082,21602758
2024-06-27,114.0245590209961,115.2699386228043,112.79848437554861,114.09213741649766,28134054
2024-06-28,115.33751678466797,117.67380687069524,114.15971558074718,114.15971558074718,43712892
2024-07-01,114.26591491699219,116.03261677950424,113.82182725243324,115.22166864364095,20506793
2024-07-02,112.22889709472656,114.86446927376792,111.50483969411542,114.69069520300154,23399374
2024-07-03,113.00122833251953,113.90870860261018,112.47024995733926,113.04949440676778,16011335
2024-07-04,113.21361541748047,113.91836788333838,112.32544007966767,113.62874196794625,20110432
2024-07-05,113.6866683959961,113.89905974595426,112.4895548535942,112.95295483218409,20103764
2024-07-08,110.91593933105469,113.99559917209052,110.69389918571873,113.43565967999442,34032815
2024-07-09,111.987548828125,113.19431120773842,110.9255994071638,111.02213892443427,32861024
2024-07-10,110.79043579101562,112.22889439664327,108.99477289142992,112.22889439664327,22991042
2024-07-11,110.2015380859375,111.45656649709905,109.8636461046822,111.3117609090559,13553009
2024-07-12,108.82099914550781,110.82905339522941,108.4155287774369,110.76147500055093,22397084
2024-07-15,113.19430541992188,113.48393132241725,108.5120690995311,109.3326660026111,49372062
2024-07-16,112.02616119384766,114.02455931220344,111.60137849790003,113.53219822058166,34514206
2024-07-18,111.76549530029297,113.52254093592133,110.76147553607045,112.0261600849507,24517941
2024-07-19,108.98512268066406,112.75987891328666,108.44449549531386,111.79446901630816,33377806
2024-07-22,110.79043579101562,111.49518085265848,107.18945383106357,108.89823338010122,21519135
2024-07-23,108.95616149902344,111.4083035197854,105.22967870960886,111.4083035197854,26483458
2024-07-24,108.56999206542969,109.960184621987,107.6818167611815,109.08165811319239,24622269
2024-07-25,108.01970672607422,109.91190913418056,105.4710253302173,107.93282337565509,76948576
2024-07-26,109.92156982421875,110.44289204469206,107.1604969706895,108.59895563345353,54279930
2024-07-29,111.90066528320312,113.74459436608122,111.03179489825058,111.21521777110671,51072326
2024-07-30,111.76549530029297,112.42197429412623,111.13798478902706,111.90065945579605,17664352
2024-07-31,110.7421646118164,112.17097445130464,110.30773311922827,111.9875442201932,16689282
2024-08-01,108.79203796386719,111.60137678725062,108.1741762513192,111.50483727569485,25958910
2024-08-02,106.66813659667969,108.12590759172761,106.24336125396167,108.12590759172761,27944377
2024-08-05,101.61904907226562,104.68905287716058,100.44124780493901,104.68905287716058,57645213
2024-08-06,101.3969955444336,104.43803805035299,101.17495540322098,103.05750166781777,18760783
2024-08-07,104.47665405273438,104.80488986286481,101.80246467152844,102.9126874605149,24292529
2024-08-08,103.44367218017578,104.80489630809403,102.81615427254988,104.26426912145904,17399682
2024-08-09,106.82260131835938,108.64722534464227,103.92637176991127,104.26426374413168,29858732
2024-08-12,105.76065826416016,106.9288033678385,104.65043539794736,106.09855025853106,22238178
2024-08-13,102.99958038330078,106.33024145613906,102.57479768768353,105.22967480430592,19954825
2024-08-14,101.99555206298828,103.35677612059652,101.85073911247865,103.05750142423787,13061546
2024-08-16,103.89741516113281,104.66008985917658,102.83545838822822,104.26426826827706,30254042
2024-08-19,106.09854888916016,107.40185077376569,104.3415031756158,104.55389453090572,27792179
2024-08-20,107.50804138183594,108.08728581818028,105.80891798513225,106.48470929877784,24247603
2024-08-21,107.7686996459961,108.02936443196685,106.84190706747351,107.50804222551803,15379494
2024-08-22,108.44449615478516,108.76308319044377,107.94247888062739,108.12590911912655,13967447
2024-08-23,108.22244262695312,109.08165680353927,107.94247288681377,108.70514755157423,13224117
2024-08-26,107.55632019042969,109.27474862909368,107.32461651192962,109.24578751065442,15658016
2024-08-27,107.01568603515625,108.14521385142221,106.6777940429604,107.5563205881626,12098332
2024-08-28,106.4171371459961,107.35357856750977,106.02131554922292,107.2570390500385,11686742
2024-08-29,106.46540069580078,106.91914451919179,105.08486426878879,106.41713462095692,13192113
2024-08-30,107.67216491699219,108.5120741811677,106.71641117878762,106.72606734012105,21379047
2024-09-02,108.86927032470703,109.42920983001515,106.20474432484833,107.99075115268279,28495435
2024-09-03,107.56596374511719,109.53540072344933,107.35357239958736,109.18785258812645,16764307
2024-09-04,104.84351348876953,105.85719682824445,104.16772950611491,104.31254246396746,28544684
2024-09-05,104.45734405517578,105.56756686886192,104.02291256375163,105.56756686886192,28593475
2024-09-06,99.80406951904297,104.26426576153027,99.38894298111346,104.26426576153027,60221990
2024-09-09,100.42192840576172,100.73085926021821,97.20711923346198,100.01645804031745,45565580
2024-09-10,100.02611541748047,101.271495011198,99.86199751025612,101.17495549903619,22295664
2024-09-11,98.23045349121094,100.49916519456788,97.60293560760343,100.02611642436831,20777048
2024-09-12,100.3929672241211,100.69224928313014,98.39456914944596,99.14758764635361,23673743
2024-09-13,102.70995330810547,103.54020636798795,100.49916386869677,100.83705584295298,30088081
2024-09-16,102.99958038330078,104.43803901324186,102.76787671360444,103.20231557016554,18598510
2024-09-17,101.88935852050781,103.08646469646284,101.69627212729391,103.02854246124507,10915215
2024-09-18,101.8024673461914,102.90303400335618,101.37769201400906,101.46457536644655,17234512
2024-09-19,101.08806610107422,103.15404262335956,99.1669025316672,102.33344571103939,19006150
2024-09-20,101.32942199707031,102.62307509027877,101.07841336128484,101.47423495485012,20245750
2024-09-23,105.51930236816406,106.00200730605046,101.41631039612967,102.14036780295926,44004939
2024-09-24,105.5096435546875,106.67778859114775,104.89178183896462,105.51929971554048,28379404
2024-09-25,104.65042877197266,105.56756517940966,103.58847941454755,105.15243865103982,16444233
2024-09-26,106.35920715332031,106.87087322298657,103.4919385654243,104.98832685997053,33028089
2024-09-27,109.18785858154297,109.3809449814836,106.25301159188264,106.89018566344718,118637751
2024-09-30,107.47908020019531,109.57401780370205,106.97706295430424,109.09131287945667,20409076
2024-10-01,106.66813659667969,108.56999525690591,106.17578285633655,107.20877114317352,17636415
2024-10-03,104.22564697265625,106.66813272523508,103.49193342114684,104.26426425068229,26156379
2024-10-04,103.89741516113281,106.53298003990487,102.82580959246941,104.26426826827706,22926805
2024-10-07,99.91026306152344,105.2779468224854,98.80004026373228,104.49595983742779,39225162
2024-10-08,101.31976318359375,101.6576625313994,99.14759097023473,100.11300084283874,16673844
2024-10-09,100.7887954711914,102.62307576226297,99.94888620296314,102.28517640339983,28593344
2024-10-10,100.52812957763672,102.90303703223783,100.30608942676568,101.48389067553786,12428432
2024-10-11,100.4605484008789,101.12668356605211,100.06473418547374,100.9818706129067,11563438
2024-10-14,100.87567901611328,101.79282284611376,100.33505182570832,100.88533517751138,11440300
2024-10-15,100.81775665283203,101.6576659215851,100.40263009914852,101.36804000394802,8407143
2024-10-16,100.75983428955078,101.29080531723096,100.03577686185623,100.81775652680858,11037275
2024-10-17,98.95451354980469,101.31011603419192,98.67454379834122,100.99152900333766,14889333
2024-10-18,101.04944610595703,101.35837695989544,97.28434625980671,98.56834311371952,19968661
2024-10-21,99.30206298828125,101.94728405420855,99.14759386871232,101.27150006982703,13874672
2024-10-22,93.44202423095703,99.30206197453221,92.97862424247398,99.30206197453221,30808126
2024-10-23,94.3108901977539,95.04459637744299,91.17330819875106,93.64475504716182,31433274
2024-10-24,94.79359436035156,96.20309184012373,94.1467641710478,94.61016413415426,16182512
2024-10-25,90.980224609375,95.74935175154346,89.76381346933842,95.04459930157604,30977098
2024-10-28,97.20712280273438,97.98910244558876,91.47258578048803,92.10010367318888,55924681
2024-10-29,100.17092895507812,100.5377820496384,96.34790680023976,97.98910061307949,55169329
2024-10-30,99.7847671508789,101.31976534563779,99.35998444091109,99.91992394668813,29812887
2024-10-31,99.09932708740234,100.54744192833226,98.6166221404257,99.4372190771874,15415779
2024-11-01,100.36400604248047,100.87567207899743,99.68822210094723,100.20954429819825,4211783
2024-11-04,98.38492584228516,100.88533393254511,96.0582844620884,100.88533393254511,32237064
2024-11-05,100.08403778076172,100.32539024422385,97.79602114105593,98.09529583879134,22694396
2024-11-06,101.60939025878906,102.33344767155954,99.88130568311773,101.34873283100856,30178638
2024-11-07,101.43561553955078,102.80649579795339,101.2039192312768,101.85074208151696,17438397
2024-11-08,100.10335540771484,101.46457954372623,99.61099429382035,101.40665730638325,19031613
2024-11-11,100.29643249511719,101.50319485295188,98.18218248723308,99.43721828557833,16982584
2024-11-12,97.98910522460938,101.174960852986,97.6222521127844,100.54744294248843,14401385
2024-11-13,94.92875671386719,98.47180925970899,94.16608201319264,97.50639936500596,29270560
2024-11-14,94.11780548095703,96.98507395252835,93.85714805876543,95.57557643641609,17064169
2024-11-18,94.78394317626953,95.38249995889835,92.40903573369908,94.12746415727091,17115166
2024-11-19,94.4267349243164,97.76705211624922,93.74129481574423,95.79762250695339,21458767
2024-11-21,91.19261932373047,94.56189785131923,89.31972173913427,94.56189785131923,40836258
2024-11-22,93.65441131591797,94.39777365726034,91.66566202264559,91.80081881198058,26716825
2024-11-25,97.48709106445312,97.92152255597279,95.94242939351055,96.54098615927543,40537064
2024-11-26,98.26907348632812,99.02209202127814,97.12023336144684,97.96979877769233,16210652
2024-11-27,98.04702758789062,99.14759429027315,97.31332136329763,98.47181030301827,17400124
2024-11-28,99.3406753540039,99.84268523678355,98.33664822295196,99.00278337852794,21562794
2024-11-29,98.48146057128906,100.16127164301226,97.26504210152756,99.76545007023955,21218297
2024-12-02,98.19184112548828,98.65524112340373,97.65121393249784,98.1725361680928,17322174
2024-12-03,101.48388671875,101.75420029996303,98.47180531632048,98.47180531632048,27016365
2024-12-04,104.87247467041016,105.66411049292225,101.91832273660769,102.23690977097662,53999025
2024-12-05,104.42838287353516,105.53860568653793,103.34712854336985,105.53860568653793,24991310
2024-12-06,105.53860473632812,106.96741455824444,103.99395044607579,106.19508373037195,59964689
2024-12-09,105.22001647949219,106.43643494115763,104.90143682982361,105.80891707158064,17122712
2024-12-10,105.88615417480469,106.38816406325208,104.99797886767092,105.72203626564811,19506335
2024-12-11,104.98832702636719,106.17578444872373,104.75663071181947,105.32621901956034,10634931
2024-12-12,103.78156280517578,104.98832516337549,103.63674984909323,104.37046342521667,10577584
2024-12-13,102.89338684082031,103.77190600209939,100.40262758118418,103.29885722294911,21008467
2024-12-16,103.62709045410156,104.66008607135805,102.74857131480357,102.81614971013418,13504751
2024-12-17,101.52250671386719,103.58848327184953,101.36803759732992,102.99958265466371,13726161
2024-12-18,99.62064361572266,101.36803306687014,99.24413436785655,100.81774975341254,18763147
2024-12-19,99.3406753540039,100.42192967552704,96.54098530700232,97.50639516007233,17354119
2024-12-20,96.16447448730469,99.7171829833588,95.93277818867949,99.00278176606044,19435112
2024-12-23,97.58363342285156,98.46215259246057,95.67211860034529,97.60293837982951,20493999
2024-12-24,97.07196807861328,97.94083109342102,96.35755945175879,97.4967434247102,15379038
2024-12-26,97.53536224365234,99.08001662995598,97.02369616870425,97.31332208853941,14937263
2024-12-27,96.88853454589844,98.34630550296094,96.73406543221296,97.53535738709769,7369762
2024-12-30,96.00035858154297,97.88290485736864,95.28594998387705,96.88853388267648,42398975
2024-12-31,96.6568374633789,97.00438560088288,95.58523193365707,95.6238492117678,12525017
2025-01-01,96.9078369140625,97.38089303796991,95.81692644839362,97.0719621843429,9259122
2025-01-02,97.60293579101562,97.82498330058363,95.96174196818211,96.90783951035911,15233832
2025-01-03,97.94082641601562,99.57237142080115,97.66086404092128,97.99875601559775,19285506
2025-01-06,93.96334838867188,98.24976338421583,93.55787799384218,97.94083250737037,28855272
2025-01-07,94.48466491699219,95.57557539875415,93.85714703976042,94.23365629300095,13157181
2025-01-08,93.77991485595703,95.03495064216605,92.69865314221552,94.51362842476351,17677192
2025-01-09,92.42833709716797,94.01160866399279,92.2352580731133,93.78956852287918,19527220
2025-01-10,89.61900329589844,92.77589044608816,89.44522921828752,92.486271893732,26563443
2025-01-13,85.45807647705078,89.16525412225167,84.75333141291007,88.96251893809506,34247797
2025-01-14,89.9955062866211,90.82575933663074,86.12421077348237,86.37521939372758,26041305
2025-01-15,91.41466522216797,92.36076279363623,90.4299430055866,90.8933429955354,34474633
2025-01-16,93.96334838867188,94.86117990036226,92.72762488129008,92.72762488129008,34645885
2025-01-17,94.49431610107422,94.96737224391846,93.16205312250595,93.60614078202872,15548712
2025-01-20,97.54501342773438,98.4718060122256,94.23365730348786,94.71636223492034,29523421
2025-01-21,96.0293197631836,98.1725308266332,95.69142778594889,97.54501294577295,12354313
2025-01-22,94.43639373779297,96.1451659768102,92.40903447210532,95.96174310897896,17908580
2025-01-23,94.7549819946289,95.43076597013393,93.52890731200745,94.32054312566744,11470131
2025-01-24,93.40340423583984,95.26664556586184,93.07516841788943,94.75497951700223,12610574
2025-01-27,88.75012969970703,94.22400189834191,87.73644638937044,92.67934757846604,44804245
2025-01-28,88.64393615722656,91.7139399142387,87.19582131647542,90.45890410605719,42091874
2025-01-29,88.75012969970703,89.63830501294906,88.17088525044018,89.59003893871429,23565700
2025-01-30,87.76541900634766,89.20387771897006,87.3695974053178,89.20387771897006,26854992
2025-01-31,90.04377746582031,90.74852992842176,87.61094777664123,88.23846568009593,33477188
2025-02-01,89.41626739501953,91.0285001567932,87.91022294576123,90.26582545359352,16282476
2025-02-03,87.47579193115234,88.83701606480966,86.37522523058072,88.73082775169551,18359971
2025-02-04,89.62864685058594,89.92792891232716,88.19018823783583,88.33500118829221,18833599
2025-02-05,92.51522827148438,93.54821652282136,90.31409497820502,90.45890056421602,28988222
2025-02-06,91.57878112792969,93.11377929032697,90.99953667731737,92.85312186547391,17662066
2025-02-07,90.80644989013672,92.72762083194469,89.85069618249146,91.70428136261947,18697525
2025-02-10,89.94723510742188,91.18295855275092,88.68255054470119,90.80644929567387,11919454
2025-02-11,86.97377014160156,90.25616511566501,86.88688679024779,90.16928176431124,23695177
2025-02-12,87.40821075439453,88.26742495182151,84.38648050454964,86.8868885392996,21437438
2025-02-13,85.65116882324219,88.29638992757062,85.14915154284832,87.85230225060256,27030641
2025-02-14,82.65839385986328,86.16282895748097,81.78952352332797,86.06628944575318,29190700
2025-02-17,82.14672088623047,82.64873813464907,80.63102771108855,82.64873813464907,23885790
2025-02-18,81.7219467163086,82.91905288907493,80.63102885266106,82.53288746916854,21927534
2025-02-19,82.6004638671875,82.97697311697821,80.85307440710793,81.09442686802467,27545822
2025-02-20,85.01399230957031,85.34223550127345,82.0598404117066,82.4460058396838,26398555
2025-02-21,84.30924987792969,86.16283515213972,83.73965419644735,84.56990731488388,18438389
2025-02-24,83.9423828125,84.27062598882361,82.59081492614563,83.99065625079518,11551998
2025-02-25,82.07914733886719,84.7147196349951,81.96330286353833,83.89412268427895,13249250
2025-02-27,80.57310485839844,82.61977638337125,80.13867337392192,82.08879802190651,25101806
2025-02-28,78.1016616821289,79.93594194876468,77.47414377966234,79.93594194876468,36424489
2025-03-03,78.60366821289062,79.16360769356334,75.88121273073169,78.4395503061222,30406353
2025-03-04,79.1056900024414,80.11936598377723,76.94316651127221,77.66722394029482,25682844
2025-03-05,82.07914733886719,82.20465534113092,79.2987694485782,79.50150464589679,17408359
2025-03-06,82.3977279663086,83.76860816465903,82.16603166818419,83.02524583232584,19427907
2025-03-07,82.07914733886719,82.9769788501313,81.52886398457584,82.5425473366619,12988687
2025-03-10,79.63665771484375,82.47496507537659,79.36634413107734,82.05983853873738,14634696
2025-03-11,80.39933013916016,80.75653443083745,78.58436229509432,78.58436229509432,21742642
2025-03-12,79.60769653320312,81.19096812155263,78.72917738667037,80.41864464934147,14726763
2025-03-13,80.03247833251953,80.59241781529765,79.31807710322934,79.85870426426055,25685980
2025-03-17,79.63665771484375,80.57310646252935,79.32772685261175,80.41864471415973,13115634
2025-03-18,79.63665771484375,79.63665771484375,79.63665771484375,79.63665771484375,0
2025-03-19,82.61012268066406,82.88043626709207,81.11373442873257,81.11373442873257,22116696
2025-03-20,82.87078094482422,83.68172907780945,82.39773216378703,83.01559390058868,17359824
2025-03-21,84.51197814941406,85.19741825091644,82.54254119493888,83.02524611420752,26691971
2025-03-24,88.1612319946289,88.4315455888284,85.14915044749233,85.43877636441637,36771697
2025-03-25,85.40015411376953,89.05905831484561,85.00433990687081,89.010784876337,23478508
2025-03-26,84.22235870361328,86.23041308931855,83.99066238695286,85.24569821939193,21455219
2025-03-27,86.54899597167969,86.88688795172673,83.79757932630689,84.08719786685033,58399584
2025-03-28,85.92147827148438,88.02607207882134,85.59324245172647,86.54899615892523,30188247
2025-04-01,86.88688659667969,87.54336559002986,85.05260640654014,85.46773293712177,14596862
2025-04-02,87.94883728027344,88.1708847901712,85.43877310289156,87.36959283403034,18479410
2025-04-03,91.1153793334961,91.89736632346688,86.64553436279235,86.88688682619846,38514763
2025-04-04,87.26339721679688,91.52085826218605,86.59726205215954,91.14434900360654,33552098
2025-04-07,84.08719635009766,84.87883213142537,80.80480139136345,80.80480139136345,29326338
2025-04-08,86.33660888671875,86.73242312132476,84.56990697672666,85.92148232916038,21516232
2025-04-09,85.36154174804688,87.07997019474399,84.13547441359778,86.55865532941435,21829542
2025-04-11,87.40821075439453,88.2384638341206,85.78632187370789,86.83861509946954,22091340
2025-04-15,89.48384094238281,89.72519340377407,88.12260952469963,89.61899773152251,31990152
2025-04-16,91.42430877685547,91.65601244129344,89.30041007795518,89.75415388061386,27215945
2025-04-17,92.69865417480469,93.25859367738094,91.3277739020087,91.6946343732449,31763625
2025-04-21,95.57557678222656,96.04862555446729,93.16205211600872,93.45167802215197,27799862
2025-04-22,97.17816162109375,99.08001288916367,95.86520360093346,96.64718324327421,49276193
2025-04-23,96.010009765625,97.79602393873192,94.16608072208068,97.6512109834134,41477808
2025-04-24,95.95208740234375,96.83061392874863,95.57557813831104,96.05828307840352,27747894
2025-04-25,93.1910171508789,96.26102094997762,92.69865603593573,95.96174623574406,41413435
2025-04-28,95.04460144042969,95.5755798301276,92.5538495032374,92.93035877393483,28301422
2025-04-29,95.8941650390625,97.88290703264309,95.38249898172326,95.81693048103206,47026479
2025-04-30,94.07919311523438,95.57558142721119,93.59648815853129,95.57558142721119,23757351
2025-05-02,93.31652069091797,95.54661511266052,93.11377813849346,94.12746143864518,12615367
2025-05-05,93.79922485351562,94.35915697048479,93.30686376614455,93.64475574159816,13789187
2025-05-06,89.18456268310547,94.55224666177311,88.71151390095339,94.12746395466101,27373024
2025-05-07,90.42993927001953,91.06711330919153,87.804023288267,87.85229672717131,25189656
2025-05-08,92.0711441040039,94.77428738384617,89.71554160922588,91.1250391684887,78481304
2025-05-09,94.26261901855469,95.03494985994061,90.62302705329425,90.75818384571286,41029403
2025-05-12,97.3712387084961,97.9408269883517,96.39617269116657,97.02369057094285,49391352
2025-05-13,101.15564727783203,101.91832197616424,97.33262499040859,97.69947809769157,59518073
2025-05-14,102.01486206054688,102.88373244105001,100.92395152838309,101.94728366236846,46744208
2025-05-15,101.52250671386719,102.57479994967908,100.80809809812162,102.4299869942986,22577353
2025-05-16,104.0325698852539,104.83385448136413,101.85074151185626,101.85074151185626,33164805
2025-05-19,104.22564697265625,105.71237903194177,104.03256794801872,104.94004820240632,26144154
2025-05-20,103.33747100830078,105.27794686501585,102.88372720128602,105.11382159309015,24579486
2025-05-21,104.10979461669922,104.26426372802906,102.34310019019313,103.29885387869545,20965817
2025-05-22,103.1443862915039,104.72766524405993,102.1596714714495,103.7815603369159,18266891
2025-05-23,103.50159454345703,104.25461308732967,102.72927104239231,103.44367230638777,16155459
2025-05-26,103.76225280761719,104.44769290991763,102.9223435955345,103.68501825272607,17383646
2025-05-27,104.67938995361328,104.83385169900156,102.91268816674945,103.66570666856221,19199151
2025-05-28,107.10257720947266,107.62389944199198,104.72766972721331,104.76627964177648,29822557
2025-05-29,106.89984130859375,108.1355648002743,106.11785428222323,108.02936912219303,29174369
2025-05-30,110.79043579101562,111.33106294685042,105.51929892514852,107.27634454710422,70759040
2025-06-02,112.7984848022461,113.33911933379639,110.3463502330605,110.7904378859639,47869167
2025-06-03,111.90066528320312,113.90871228171308,110.95456033836746,113.90871228171308,29821086
2025-06-04,113.26188659667969,113.66735697773694,110.85801806270558,112.22889832179983,20540175
2025-06-05,112.35440063476562,113.58047532288604,112.03582096802323,112.95295741967813,13566294
2025-06-06,111.70757293701172,114.0149018908704,110.10499641495791,112.83710069457582,49884802
2025-06-09,113.61908721923828,115.17339766172157,112.51852058319942,112.85641255645827,34703106
2025-06-10,113.6866683959961,114.35279619800977,113.09776778583674,114.30453012378742,32755500
2025-06-11,113.03984069824219,114.88377712706276,111.79446841942296,114.88377712706276,41718080
2025-06-12,111.63999938964844,113.71563213181145,111.11867716379172,113.62874141142218,33242141
2025-06-13,111.45999908447266,111.7699966430664,107.5199966430664,108.48999786376953,32522564
2025-06-16,111.23999786376953,111.75,109.5,110.44999694824219,24551800
2025-06-17,109.2300033569336,112.0999984741211,109.0,111.30000305175781,14822292
2025-06-18,108.22000122070312,109.8499984741211,107.94000244140625,109.2300033569336,11798762
2025-06-19,104.88999938964844,108.5,104.5999984741211,108.19999694824219,25631663
2025-06-20,107.22000122070312,108.19000244140625,104.8499984741211,104.88999938964844,23310134
2025-06-23,107.81999969482422,108.33000183105469,105.9800033569336,106.0,13114898
2025-06-24,110.61000061035156,111.44000244140625,109.30999755859375,109.5999984741211,25341633
2025-06-25,110.70999908447266,111.5,110.3499984741211,110.8499984741211,19878446
2025-06-26,111.06999969482422,111.44999694824219,108.69999694824219,110.94999694824219,21835265
2025-06-27,110.9800033569336,113.0,110.66999816894531,111.48999786376953,34489264
2025-06-30,114.19999694824219,114.61000061035156,111.47000122070312,111.55999755859375,34766391
2025-07-01,115.41999816894531,116.0,112.62000274658203,114.44999694824219,30511659
2025-07-02,114.2300033569336,115.86000061035156,113.41999816894531,114.69999694824219,20734163
2025-07-03,114.16000366210938,115.0,113.6500015258789,114.80000305175781,13257229
2025-07-04,114.37000274658203,115.0999984741211,113.55999755859375,113.55999755859375,10569354
2025-07-07,114.30999755859375,115.80000305175781,114.0999984741211,114.37000274658203,15821152
2025-07-08,113.73999786376953,114.5,112.88999938964844,114.30999755859375,12740671
2025-07-09,113.95999908447266,114.44999694824219,113.4000015258789,113.5999984741211,13519733
2025-07-10,112.38999938964844,114.5,111.69999694824219,113.94999694824219,16076230
2025-07-11,111.91999816894531,113.48999786376953,111.20999908447266,112.37999725341797,13374647
2025-07-14,113.66999816894531,115.30000305175781,111.9000015258789,111.98999786376953,27221603
2025-07-15,114.87000274658203,115.80000305175781,113.62999725341797,113.79000091552734,25377145
2025-07-16,117.02999877929688,117.3499984741211,114.61000061035156,114.8499984741211,40471492
2025-07-17,115.52999877929688,117.5,114.91000366210938,117.5,15765452
2025-07-18,114.44999694824219,116.0999984741211,114.25,115.5,18085327
2025-07-21,112.02999877929688,114.69999694824219,111.4000015258789,114.66999816894531,23975731
2025-07-22,108.05000305175781,112.69999694824219,107.70999908447266,112.69000244140625,42331690
2025-07-23,107.80000305175781,108.33000183105469,106.30000305175781,108.05000305175781,38208234
2025-07-24,113.51000213623047,113.98999786376953,107.19999694824219,108.5,86127146
2025-07-25,110.76000213623047,115.69999694824219,110.5,113.86000061035156,41767665
2025-07-28,110.41000366210938,112.83999633789062,109.88999938964844,110.69999694824219,23234791
2025-07-29,110.08999633789062,111.38999938964844,109.52999877929688,110.01000213623047,32038885
2025-07-30,108.19999694824219,110.54000091552734,108.0999984741211,110.45999908447266,23534777
2025-07-31,107.25,108.36000061035156,106.0999984741211,107.05000305175781,48203474
2025-08-01,105.88999938964844,107.4000015258789,105.75,107.25,13286442
2025-08-04,107.75,107.94000244140625,106.0,106.0,21300202
2025-08-05,107.45999908447266,108.30000305175781,106.9000015258789,107.75,11549473
2025-08-06,108.7699966430664,110.0,106.11000061035156,107.98999786376953,40662042
2025-08-07,108.80000305175781,109.19000244140625,106.75,108.5,12014876
2025-08-08,107.88999938964844,109.0199966430664,107.54000091552734,108.80000305175781,14136544
2025-08-11,109.4800033569336,109.88999938964844,107.30000305175781,107.80000305175781,16773203
2025-08-12,109.55000305175781,110.25,109.04000091552734,109.69000244140625,10606131
2025-08-13,108.98999786376953,110.48999786376953,108.55000305175781,109.80000305175781,12096926
2025-08-14,109.26000213623047,109.87999725341797,108.62999725341797,109.5,10879799
2025-08-18,109.33999633789062,110.41999816894531,108.9000015258789,110.0,15704185
2025-08-19,111.66999816894531,111.9000015258789,109.05000305175781,109.5,20003557
2025-08-20,112.27999877929688,112.70999908447266,111.69999694824219,112.0,14596666
2025-08-21,111.06999969482422,113.0,110.9800033569336,112.69999694824219,13162672
2025-08-22,109.93000030517578,111.77999877929688,109.80000305175781,111.05999755859375,12854408
2025-08-25,108.81999969482422,110.9800033569336,108.51000213623047,110.0,16134641
2025-08-26,106.01000213623047,109.05999755859375,105.83000183105469,108.81999969482422,27014374
2025-08-28,104.62999725341797,106.48999786376953,104.5,106.05000305175781,14184569
2025-08-29,103.83000183105469,105.18000030517578,103.55000305175781,104.44000244140625,13999620
2025-09-01,105.13999938964844,105.26000213623047,104.0,104.0,9174103
2025-09-02,106.16000366210938,107.0,104.75,105.4000015258789,9179806
2025-09-03,108.33000183105469,108.4800033569336,106.11000061035156,106.44999694824219,12012180
2025-09-04,106.08000183105469,109.19999694824219,105.94000244140625,108.9000015258789,12953562
2025-09-05,107.13999938964844,107.62999725341797,105.61000061035156,106.30000305175781,8009273
2025-09-08,108.11000061035156,108.6500015258789,107.12000274658203,107.48999786376953,8138600
2025-09-09,108.04000091552734,108.80000305175781,107.36000061035156,108.11000061035156,7104394
2025-09-10,110.63999938964844,111.25,108.25,108.25,18306308
2025-09-11,112.06999969482422,113.4000015258789,110.63999938964844,111.06999969482422,18795548
2025-09-12,110.95999908447266,112.88999938964844,110.79000091552734,112.87999725341797,10893570
2025-09-15,112.51000213623047,113.0,111.20999908447266,111.48999786376953,9013604
2025-09-16,113.2300033569336,113.86000061035156,112.51000213623047,113.44999694824219,15104682
2025-09-17,116.25,116.38999938964844,113.01000213623047,113.44000244140625,34943043
2025-09-18,115.41000366210938,117.69999694824219,114.69999694824219,116.9000015258789,26965142
2025-09-19,117.76000213623047,118.4000015258789,115.55000305175781,115.69999694824219,46393129
2025-09-22,118.87000274658203,119.72000122070312,117.30000305175781,117.63999938964844,31509156
2025-09-23,121.9000015258789,122.08999633789062,116.93000030517578,118.7699966430664,44544453
2025-09-24,122.91000366210938,124.55000305175781,122.25,122.69999694824219,55162500
2025-09-25,121.44000244140625,123.33000183105469,121.20999908447266,122.9000015258789,30764727
2025-09-26,118.08000183105469,121.55000305175781,117.5,121.3499984741211,25531804
2025-09-29,120.4800033569336,121.4000015258789,118.26000213623047,118.58000183105469,28333195
2025-09-30,123.70999908447266,124.44999694824219,120.91999816894531,121.25,47473634
2025-10-01,123.76000213623047,124.5,121.16999816894531,124.30000305175781,38045288
2025-10-03,125.9000015258789,126.41999816894531,123.31999969482422,123.7699966430664,34668909
2025-10-06,126.76000213623047,127.94999694824219,125.87000274658203,126.0,27335116
2025-10-07,128.05999755859375,128.5,125.75,126.86000061035156,30539720
2025-10-08,126.04000091552734,128.5500030517578,124.69999694824219,128.5,38012061
2025-10-09,126.16999816894531,126.98999786376953,125.51000213623047,126.48999786376953,16981691
2025-10-10,127.38999938964844,128.60000610351562,126.3499984741211,126.5,23836453
2025-10-13,127.63999938964844,128.38999938964844,126.36000061035156,127.30000305175781,21132831
2025-10-14,125.22000122070312,127.80000305175781,124.5999984741211,127.3499984741211,19638720
2025-10-15,128.41000366210938,128.8000030517578,125.5999984741211,125.80000305175781,22108228
2025-10-16,127.37000274658203,130.13999938964844,127.19000244140625,128.99000549316406,20085575
2025-10-17,125.48999786376953,127.55000305175781,124.5999984741211,127.37000274658203,20351565
2025-10-20,127.58999633789062,129.4499969482422,126.11000061035156,126.19999694824219,27681896
2025-10-21,127.12000274658203,128.8000030517578,126.44999694824219,128.24000549316406,7993166
2025-10-23,126.23999786376953,127.87999725341797,125.81999969482422,127.5999984741211,34824359
2025-10-24,125.69999694824219,126.93000030517578,124.7300033569336,126.5,17014666
2025-10-27,129.1300048828125,129.97999572753906,125.7300033569336,126.25,30460506
2025-10-28,129.97999572753906,131.77000427246094,127.75,130.38999938964844,44849817
2025-10-29,128.77000427246094,130.39999389648438,128.3000030517578,129.8800048828125,37842782
2025-10-30,132.88999938964844,134.25,127.80000305175781,129.0,93428789
2025-10-31,136.99000549316406,138.60000610351562,131.1999969482422,131.38999938964844,80524287
2025-11-03,139.60000610351562,141.4499969482422,137.3000030517578,137.6699981689453,57720656
2025-11-04,139.60000610351562,140.69000244140625,138.5500030517578,139.6999969482422,34484844
2025-11-05,139.60000610351562,139.60000610351562,139.60000610351562,139.60000610351562,0
2025-11-06,139.24000549316406,140.75,138.83999633789062,140.25,22293737
2025-11-07,140.6699981689453,141.41000366210938,136.57000732421875,138.6999969482422,27498022
2025-11-10,141.0399932861328,142.60000610351562,139.89999389648438,141.25,28309612
2025-11-11,140.8699951171875,141.38999938964844,137.9499969482422,140.60000610351562,21813910
2025-11-12,143.57000732421875,144.5399932861328,141.3699951171875,141.6999969482422,39711769
2025-11-13,143.4499969482422,145.0,143.0,143.5,27528003
2025-11-14,146.07000732421875,146.3800048828125,143.36000061035156,143.8800048828125,26463777
2025-11-17,149.1199951171875,150.32000732421875,146.27000427246094,146.60000610351562,44625403
2025-11-18,149.0,150.69000244140625,148.41000366210938,149.47999572753906,29594222
2025-11-19,150.3800048828125,150.8800048828125,147.7100067138672,149.1999969482422,26500324
2025-11-20,147.94000244140625,151.8000030517578,147.7100067138672,151.58999633789062,19144061
2025-11-21,145.77000427246094,148.14999389648438,144.9600067138672,147.30999755859375,22283701
2025-11-24,146.6699981689453,148.58999633789062,145.83999633789062,146.0,35398447
2025-11-25,148.69000244140625,149.3800048828125,145.3000030517578,146.66000366210938,24048863
2025-11-26,150.16000366210938,152.5,148.9199981689453,149.69000244140625,30511761
2025-11-27,151.75999450683594,152.0,149.85000610351562,150.89999389648438,20130369
2025-11-28,151.5800018310547,152.33999633789062,150.8300018310547,151.99000549316406,19414509
2025-12-01,150.5,153.67999267578125,149.60000610351562,152.0,17845829
2025-12-02,153.3800048828125,154.2100067138672,150.60000610351562,150.8800048828125,33255011
